Compensation_Grade|Critical_Job_Flag|Difficult_to_Fill_Flag|Inactive_Flag|Job_Category_Code|Job_Category_Name|Job_Exempt_Canada|Job_Exempt_US|Job_Family|Job_Family_Group|Job_Family_Group_Name|Job_Family_Name|Job_Level_Code|Job_Level_Name|Job_Profile_Code|Job_Profile_Description|Job_Profile_ID|Job_Profile_Name|Job_Profile_Summary|Job_Profile_WID|Job_Title|Management_Level_Code|Management_Level_Name|Pay_Rate_Type|Public_Job|Work_Shift_Required|JOB_MATRIX|IS_PEOPLE_MANAGER|IS_MANAGER|FREQUENCY
00|Y|Y|False|CAT1|Manager|Exempt|Exempt|FIN|JFG_FIN|Job Family Group FIN|Family FIN|IC1|Level IC1|JPC0001|This is the job description for Quality Assurance. Responsible for key duties and responsibilities.|JP00001|Quality Assurance|Summary: Quality Assurance position|WID00000001|Quality Assurance|MLI|Individual Contributor|Hourly|True|True|MATRIX_FIN_IC1|False|False|Biweekly
00|Y|Y|False|CAT2|Executive|Non-Exempt|Exempt|FIN|JFG_FIN|Job Family Group FIN|Family FIN|IC4|Level IC4|JPC0002|This is the job description for Product Manager. Responsible for key duties and responsibilities.|JP00002|Product Manager|Summary: Product Manager position|WID00000002|Product Manager|MLI|Individual Contributor|Hourly|False|True|MATRIX_FIN_IC4|False|False|Biweekly
00|N|Y|False|CAT3|Individual Contributor|Non-Exempt|Exempt|HR|JFG_HR|Job Family Group HR|Family HR|M2|Level M2|JPC0003|This is the job description for Accountant. Responsible for key duties and responsibilities.|JP00003|Accountant|Summary: Accountant position|WID00000003|Accountant|MLM|Manager|Hourly|False|False|MATRIX_HR_M2|False|True|Biweekly
00|Y|N|False|CAT4|Executive|Non-Exempt|Exempt|ENG|JFG_ENG|Job Family Group ENG|Family ENG|M3|Level M3|JPC0004|This is the job description for Sales Executive. Responsible for key duties and responsibilities.|JP00004|Sales Executive|Summary: Sales Executive position|WID00000004|Sales Executive|MLM|Manager|Salary|True|True|MATRIX_ENG_M3|False|True|Biweekly
00|Y|N|False|CAT5|Senior Manager|Non-Exempt|Non-Exempt|OPS|JFG_OPS|Job Family Group OPS|Family OPS|IC2|Level IC2|JPC0005|This is the job description for Network Engineer. Responsible for key duties and responsibilities.|JP00005|Network Engineer|Summary: Network Engineer position|WID00000005|Network Engineer|MLI|Individual Contributor|Salary|False|False|MATRIX_OPS_IC2|False|False|Biweekly
00|Y|Y|False|CAT1|Executive|Exempt|Exempt|SAL|JFG_SAL|Job Family Group SAL|Family SAL|IC5|Level IC5|JPC0006|This is the job description for Quality Assurance. Responsible for key duties and responsibilities.|JP00006|Quality Assurance|Summary: Quality Assurance position|WID00000006|Quality Assurance|MLI|Individual Contributor|Hourly|False|False|MATRIX_SAL_IC5|False|False|Biweekly
00|Y|Y|False|CAT2|Senior Manager|Non-Exempt|Non-Exempt|SAL|JFG_SAL|Job Family Group SAL|Family SAL|M1|Level M1|JPC0007|This is the job description for Network Engineer. Responsible for key duties and responsibilities.|JP00007|Network Engineer|Summary: Network Engineer position|WID00000007|Network Engineer|MLM|Manager|Salary|True|False|MATRIX_SAL_M1|True|True|Biweekly
00|N|Y|False|CAT3|Senior Manager|Exempt|Exempt|SAL|JFG_SAL|Job Family Group SAL|Family SAL|M3|Level M3|JPC0008|This is the job description for Finance Manager. Responsible for key duties and responsibilities.|JP00008|Finance Manager|Summary: Finance Manager position|WID00000008|Finance Manager|MLM|Manager|Hourly|False|False|MATRIX_SAL_M3|True|True|Biweekly
00|N|Y|False|CAT4|Individual Contributor|Exempt|Exempt|MKTG|JFG_MKTG|Job Family Group MKTG|Family MKTG|IC4|Level IC4|JPC0009|This is the job description for Project Manager. Responsible for key duties and responsibilities.|JP00009|Project Manager|Summary: Project Manager position|WID00000009|Project Manager|MLI|Individual Contributor|Salary|False|True|MATRIX_MKTG_IC4|False|False|Biweekly
00|N|Y|False|CAT5|Individual Contributor|Non-Exempt|Non-Exempt|LEGAL|JFG_LEGAL|Job Family Group LEGAL|Family LEGAL|M2|Level M2|JPC0010|This is the job description for Marketing Manager. Responsible for key duties and responsibilities.|JP00010|Marketing Manager|Summary: Marketing Manager position|WID00000010|Marketing Manager|MLM|Manager|Salary|False|False|MATRIX_LEGAL_M2|True|True|Biweekly
00|N|Y|False|CAT1|Executive|Exempt|Non-Exempt|HR|JFG_HR|Job Family Group HR|Family HR|M3|Level M3|JPC0011|This is the job description for Software Engineer. Responsible for key duties and responsibilities.|JP00011|Software Engineer|Summary: Software Engineer position|WID00000011|Software Engineer|MLM|Manager|Salary|True|False|MATRIX_HR_M3|True|True|Biweekly
00|N|N|False|CAT2|Individual Contributor|Exempt|Non-Exempt|HR|JFG_HR|Job Family Group HR|Family HR|M4|Level M4|JPC0012|This is the job description for System Administrator. Responsible for key duties and responsibilities.|JP00012|System Administrator|Summary: System Administrator position|WID00000012|System Administrator|MLM|Manager|Hourly|True|True|MATRIX_HR_M4|True|True|Biweekly
00|Y|Y|False|CAT3|Manager|Non-Exempt|Exempt|SAL|JFG_SAL|Job Family Group SAL|Family SAL|M5|Level M5|JPC0013|This is the job description for Data Analyst. Responsible for key duties and responsibilities.|JP00013|Data Analyst|Summary: Data Analyst position|WID00000013|Data Analyst|MLM|Manager|Hourly|False|True|MATRIX_SAL_M5|False|True|Biweekly
00|N|N|False|CAT4|Executive|Non-Exempt|Exempt|SAL|JFG_SAL|Job Family Group SAL|Family SAL|IC5|Level IC5|JPC0014|This is the job description for Finance Manager. Responsible for key duties and responsibilities.|JP00014|Finance Manager|Summary: Finance Manager position|WID00000014|Finance Manager|MLI|Individual Contributor|Salary|True|True|MATRIX_SAL_IC5|False|False|Biweekly
00|Y|Y|False|CAT5|Individual Contributor|Exempt|Exempt|MKTG|JFG_MKTG|Job Family Group MKTG|Family MKTG|IC1|Level IC1|JPC0015|This is the job description for Marketing Manager. Responsible for key duties and responsibilities.|JP00015|Marketing Manager|Summary: Marketing Manager position|WID00000015|Marketing Manager|MLI|Individual Contributor|Salary|True|True|MATRIX_MKTG_IC1|False|False|Biweekly
00|N|N|False|CAT1|Manager|Exempt|Non-Exempt|MKTG|JFG_MKTG|Job Family Group MKTG|Family MKTG|IC2|Level IC2|JPC0016|This is the job description for Sales Executive. Responsible for key duties and responsibilities.|JP00016|Sales Executive|Summary: Sales Executive position|WID00000016|Sales Executive|MLI|Individual Contributor|Salary|False|False|MATRIX_MKTG_IC2|False|False|Biweekly
00|N|N|False|CAT2|Director|Non-Exempt|Non-Exempt|SAL|JFG_SAL|Job Family Group SAL|Family SAL|IC2|Level IC2|JPC0017|This is the job description for Data Analyst. Responsible for key duties and responsibilities.|JP00017|Data Analyst|Summary: Data Analyst position|WID00000017|Data Analyst|MLI|Individual Contributor|Salary|True|True|MATRIX_SAL_IC2|False|False|Biweekly
00|Y|Y|False|CAT3|Executive|Non-Exempt|Exempt|LEGAL|JFG_LEGAL|Job Family Group LEGAL|Family LEGAL|M1|Level M1|JPC0018|This is the job description for System Administrator. Responsible for key duties and responsibilities.|JP00018|System Administrator|Summary: System Administrator position|WID00000018|System Administrator|MLM|Manager|Hourly|True|False|MATRIX_LEGAL_M1|True|True|Biweekly
00|N|Y|False|CAT4|Individual Contributor|Exempt|Exempt|IT|JFG_IT|Job Family Group IT|Family IT|IC4|Level IC4|JPC0019|This is the job description for Network Engineer. Responsible for key duties and responsibilities.|JP00019|Network Engineer|Summary: Network Engineer position|WID00000019|Network Engineer|MLI|Individual Contributor|Salary|True|False|MATRIX_IT_IC4|False|False|Biweekly
00|Y|N|False|CAT5|Individual Contributor|Non-Exempt|Non-Exempt|IT|JFG_IT|Job Family Group IT|Family IT|M3|Level M3|JPC0020|This is the job description for Product Manager. Responsible for key duties and responsibilities.|JP00020|Product Manager|Summary: Product Manager position|WID00000020|Product Manager|MLM|Manager|Hourly|False|False|MATRIX_IT_M3|True|True|Biweekly
00|Y|Y|False|CAT1|Executive|Exempt|Non-Exempt|IT|JFG_IT|Job Family Group IT|Family IT|IC3|Level IC3|JPC0021|This is the job description for Product Manager. Responsible for key duties and responsibilities.|JP00021|Product Manager|Summary: Product Manager position|WID00000021|Product Manager|MLI|Individual Contributor|Salary|True|False|MATRIX_IT_IC3|False|False|Biweekly
00|Y|Y|False|CAT2|Executive|Exempt|Exempt|HR|JFG_HR|Job Family Group HR|Family HR|IC1|Level IC1|JPC0022|This is the job description for Sales Executive. Responsible for key duties and responsibilities.|JP00022|Sales Executive|Summary: Sales Executive position|WID00000022|Sales Executive|MLI|Individual Contributor|Hourly|True|True|MATRIX_HR_IC1|False|False|Biweekly
00|N|N|False|CAT3|Manager|Non-Exempt|Exempt|ENG|JFG_ENG|Job Family Group ENG|Family ENG|M5|Level M5|JPC0023|This is the job description for Data Analyst. Responsible for key duties and responsibilities.|JP00023|Data Analyst|Summary: Data Analyst position|WID00000023|Data Analyst|MLM|Manager|Hourly|False|True|MATRIX_ENG_M5|True|True|Biweekly
00|Y|N|False|CAT4|Executive|Exempt|Exempt|OPS|JFG_OPS|Job Family Group OPS|Family OPS|M3|Level M3|JPC0024|This is the job description for Accountant. Responsible for key duties and responsibilities.|JP00024|Accountant|Summary: Accountant position|WID00000024|Accountant|MLM|Manager|Salary|False|True|MATRIX_OPS_M3|True|True|Biweekly
00|N|N|False|CAT5|Manager|Non-Exempt|Non-Exempt|MKTG|JFG_MKTG|Job Family Group MKTG|Family MKTG|IC2|Level IC2|JPC0025|This is the job description for Security Analyst. Responsible for key duties and responsibilities.|JP00025|Security Analyst|Summary: Security Analyst position|WID00000025|Security Analyst|MLI|Individual Contributor|Salary|False|True|MATRIX_MKTG_IC2|False|False|Biweekly
00|Y|N|False|CAT1|Senior Manager|Exempt|Non-Exempt|HR|JFG_HR|Job Family Group HR|Family HR|IC5|Level IC5|JPC0026|This is the job description for Data Analyst. Responsible for key duties and responsibilities.|JP00026|Data Analyst|Summary: Data Analyst position|WID00000026|Data Analyst|MLI|Individual Contributor|Salary|False|False|MATRIX_HR_IC5|False|False|Biweekly
00|N|N|False|CAT2|Individual Contributor|Exempt|Non-Exempt|OPS|JFG_OPS|Job Family Group OPS|Family OPS|IC1|Level IC1|JPC0027|This is the job description for Data Analyst. Responsible for key duties and responsibilities.|JP00027|Data Analyst|Summary: Data Analyst position|WID00000027|Data Analyst|MLI|Individual Contributor|Salary|False|True|MATRIX_OPS_IC1|False|False|Biweekly
00|Y|Y|False|CAT3|Manager|Exempt|Non-Exempt|IT|JFG_IT|Job Family Group IT|Family IT|M4|Level M4|JPC0028|This is the job description for Quality Assurance. Responsible for key duties and responsibilities.|JP00028|Quality Assurance|Summary: Quality Assurance position|WID00000028|Quality Assurance|MLM|Manager|Salary|False|True|MATRIX_IT_M4|True|True|Biweekly
00|N|Y|False|CAT4|Manager|Exempt|Non-Exempt|ENG|JFG_ENG|Job Family Group ENG|Family ENG|IC5|Level IC5|JPC0029|This is the job description for Accountant. Responsible for key duties and responsibilities.|JP00029|Accountant|Summary: Accountant position|WID00000029|Accountant|MLI|Individual Contributor|Hourly|True|True|MATRIX_ENG_IC5|False|False|Biweekly
00|Y|Y|False|CAT5|Senior Manager|Non-Exempt|Exempt|HR|JFG_HR|Job Family Group HR|Family HR|IC3|Level IC3|JPC0030|This is the job description for Security Analyst. Responsible for key duties and responsibilities.|JP00030|Security Analyst|Summary: Security Analyst position|WID00000030|Security Analyst|MLI|Individual Contributor|Hourly|True|True|MATRIX_HR_IC3|False|False|Biweekly
00|Y|Y|False|CAT1|Director|Non-Exempt|Non-Exempt|LEGAL|JFG_LEGAL|Job Family Group LEGAL|Family LEGAL|IC1|Level IC1|JPC0031|This is the job description for Network Engineer. Responsible for key duties and responsibilities.|JP00031|Network Engineer|Summary: Network Engineer position|WID00000031|Network Engineer|MLI|Individual Contributor|Salary|True|True|MATRIX_LEGAL_IC1|False|False|Biweekly
00|N|N|False|CAT2|Executive|Non-Exempt|Non-Exempt|SAL|JFG_SAL|Job Family Group SAL|Family SAL|M2|Level M2|JPC0032|This is the job description for Accountant. Responsible for key duties and responsibilities.|JP00032|Accountant|Summary: Accountant position|WID00000032|Accountant|MLM|Manager|Salary|True|False|MATRIX_SAL_M2|False|True|Biweekly
00|N|N|False|CAT3|Senior Manager|Non-Exempt|Exempt|HR|JFG_HR|Job Family Group HR|Family HR|M5|Level M5|JPC0033|This is the job description for Business Analyst. Responsible for key duties and responsibilities.|JP00033|Business Analyst|Summary: Business Analyst position|WID00000033|Business Analyst|MLM|Manager|Hourly|True|False|MATRIX_HR_M5|False|True|Biweekly
00|Y|N|False|CAT4|Director|Exempt|Non-Exempt|ENG|JFG_ENG|Job Family Group ENG|Family ENG|M2|Level M2|JPC0034|This is the job description for Software Engineer. Responsible for key duties and responsibilities.|JP00034|Software Engineer|Summary: Software Engineer position|WID00000034|Software Engineer|MLM|Manager|Hourly|True|False|MATRIX_ENG_M2|True|True|Biweekly
00|Y|Y|False|CAT5|Director|Non-Exempt|Exempt|OPS|JFG_OPS|Job Family Group OPS|Family OPS|M2|Level M2|JPC0035|This is the job description for Accountant. Responsible for key duties and responsibilities.|JP00035|Accountant|Summary: Accountant position|WID00000035|Accountant|MLM|Manager|Hourly|False|True|MATRIX_OPS_M2|True|True|Biweekly
00|N|N|False|CAT1|Director|Non-Exempt|Exempt|OPS|JFG_OPS|Job Family Group OPS|Family OPS|IC5|Level IC5|JPC0036|This is the job description for Product Manager. Responsible for key duties and responsibilities.|JP00036|Product Manager|Summary: Product Manager position|WID00000036|Product Manager|MLI|Individual Contributor|Hourly|True|True|MATRIX_OPS_IC5|False|False|Biweekly
00|Y|Y|False|CAT2|Senior Manager|Exempt|Exempt|OPS|JFG_OPS|Job Family Group OPS|Family OPS|M4|Level M4|JPC0037|This is the job description for Operations Manager. Responsible for key duties and responsibilities.|JP00037|Operations Manager|Summary: Operations Manager position|WID00000037|Operations Manager|MLM|Manager|Salary|True|True|MATRIX_OPS_M4|True|True|Biweekly
00|N|N|False|CAT3|Executive|Exempt|Non-Exempt|SAL|JFG_SAL|Job Family Group SAL|Family SAL|M3|Level M3|JPC0038|This is the job description for Marketing Manager. Responsible for key duties and responsibilities.|JP00038|Marketing Manager|Summary: Marketing Manager position|WID00000038|Marketing Manager|MLM|Manager|Hourly|False|True|MATRIX_SAL_M3|True|True|Biweekly
00|Y|N|False|CAT4|Manager|Exempt|Non-Exempt|HR|JFG_HR|Job Family Group HR|Family HR|IC1|Level IC1|JPC0039|This is the job description for Security Analyst. Responsible for key duties and responsibilities.|JP00039|Security Analyst|Summary: Security Analyst position|WID00000039|Security Analyst|MLI|Individual Contributor|Salary|True|True|MATRIX_HR_IC1|False|False|Biweekly
00|N|N|False|CAT5|Executive|Non-Exempt|Non-Exempt|IT|JFG_IT|Job Family Group IT|Family IT|IC3|Level IC3|JPC0040|This is the job description for System Administrator. Responsible for key duties and responsibilities.|JP00040|System Administrator|Summary: System Administrator position|WID00000040|System Administrator|MLI|Individual Contributor|Salary|False|False|MATRIX_IT_IC3|False|False|Biweekly
00|N|N|False|CAT1|Manager|Non-Exempt|Non-Exempt|OPS|JFG_OPS|Job Family Group OPS|Family OPS|IC4|Level IC4|JPC0041|This is the job description for Network Engineer. Responsible for key duties and responsibilities.|JP00041|Network Engineer|Summary: Network Engineer position|WID00000041|Network Engineer|MLI|Individual Contributor|Salary|False|True|MATRIX_OPS_IC4|False|False|Biweekly
00|Y|Y|False|CAT2|Manager|Non-Exempt|Exempt|OPS|JFG_OPS|Job Family Group OPS|Family OPS|M1|Level M1|JPC0042|This is the job description for Accountant. Responsible for key duties and responsibilities.|JP00042|Accountant|Summary: Accountant position|WID00000042|Accountant|MLM|Manager|Salary|True|False|MATRIX_OPS_M1|True|True|Biweekly
00|Y|N|False|CAT3|Director|Exempt|Non-Exempt|LEGAL|JFG_LEGAL|Job Family Group LEGAL|Family LEGAL|M1|Level M1|JPC0043|This is the job description for Sales Executive. Responsible for key duties and responsibilities.|JP00043|Sales Executive|Summary: Sales Executive position|WID00000043|Sales Executive|MLM|Manager|Hourly|True|False|MATRIX_LEGAL_M1|True|True|Biweekly
00|Y|N|False|CAT4|Manager|Non-Exempt|Non-Exempt|OPS|JFG_OPS|Job Family Group OPS|Family OPS|M2|Level M2|JPC0044|This is the job description for Network Engineer. Responsible for key duties and responsibilities.|JP00044|Network Engineer|Summary: Network Engineer position|WID00000044|Network Engineer|MLM|Manager|Hourly|True|False|MATRIX_OPS_M2|True|True|Biweekly
00|Y|Y|False|CAT5|Director|Exempt|Exempt|MKTG|JFG_MKTG|Job Family Group MKTG|Family MKTG|M2|Level M2|JPC0045|This is the job description for Quality Assurance. Responsible for key duties and responsibilities.|JP00045|Quality Assurance|Summary: Quality Assurance position|WID00000045|Quality Assurance|MLM|Manager|Hourly|True|False|MATRIX_MKTG_M2|False|True|Biweekly
00|N|Y|False|CAT1|Director|Non-Exempt|Non-Exempt|HR|JFG_HR|Job Family Group HR|Family HR|IC1|Level IC1|JPC0046|This is the job description for Business Analyst. Responsible for key duties and responsibilities.|JP00046|Business Analyst|Summary: Business Analyst position|WID00000046|Business Analyst|MLI|Individual Contributor|Hourly|False|False|MATRIX_HR_IC1|False|False|Biweekly
00|Y|N|False|CAT2|Manager|Exempt|Exempt|OPS|JFG_OPS|Job Family Group OPS|Family OPS|IC2|Level IC2|JPC0047|This is the job description for HR Manager. Responsible for key duties and responsibilities.|JP00047|HR Manager|Summary: HR Manager position|WID00000047|HR Manager|MLI|Individual Contributor|Salary|True|True|MATRIX_OPS_IC2|False|False|Biweekly
00|Y|Y|False|CAT3|Director|Non-Exempt|Non-Exempt|ENG|JFG_ENG|Job Family Group ENG|Family ENG|M5|Level M5|JPC0048|This is the job description for Project Manager. Responsible for key duties and responsibilities.|JP00048|Project Manager|Summary: Project Manager position|WID00000048|Project Manager|MLM|Manager|Salary|True|True|MATRIX_ENG_M5|False|True|Biweekly
00|N|N|False|CAT4|Director|Exempt|Exempt|OPS|JFG_OPS|Job Family Group OPS|Family OPS|IC2|Level IC2|JPC0049|This is the job description for Marketing Manager. Responsible for key duties and responsibilities.|JP00049|Marketing Manager|Summary: Marketing Manager position|WID00000049|Marketing Manager|MLI|Individual Contributor|Salary|True|False|MATRIX_OPS_IC2|False|False|Biweekly
00|N|N|False|CAT5|Individual Contributor|Non-Exempt|Exempt|FIN|JFG_FIN|Job Family Group FIN|Family FIN|M5|Level M5|JPC0050|This is the job description for System Administrator. Responsible for key duties and responsibilities.|JP00050|System Administrator|Summary: System Administrator position|WID00000050|System Administrator|MLM|Manager|Hourly|False|True|MATRIX_FIN_M5|False|True|Biweekly
00|Y|N|False|CAT1|Manager|Non-Exempt|Non-Exempt|LEGAL|JFG_LEGAL|Job Family Group LEGAL|Family LEGAL|M1|Level M1|JPC0051|This is the job description for Operations Manager. Responsible for key duties and responsibilities.|JP00051|Operations Manager|Summary: Operations Manager position|WID00000051|Operations Manager|MLM|Manager|Hourly|False|False|MATRIX_LEGAL_M1|True|True|Biweekly
00|N|N|False|CAT2|Manager|Non-Exempt|Non-Exempt|MKTG|JFG_MKTG|Job Family Group MKTG|Family MKTG|IC4|Level IC4|JPC0052|This is the job description for Network Engineer. Responsible for key duties and responsibilities.|JP00052|Network Engineer|Summary: Network Engineer position|WID00000052|Network Engineer|MLI|Individual Contributor|Hourly|True|False|MATRIX_MKTG_IC4|False|False|Biweekly
00|N|N|False|CAT3|Senior Manager|Non-Exempt|Non-Exempt|MKTG|JFG_MKTG|Job Family Group MKTG|Family MKTG|IC3|Level IC3|JPC0053|This is the job description for HR Manager. Responsible for key duties and responsibilities.|JP00053|HR Manager|Summary: HR Manager position|WID00000053|HR Manager|MLI|Individual Contributor|Salary|True|True|MATRIX_MKTG_IC3|False|False|Biweekly
00|N|N|False|CAT4|Director|Exempt|Exempt|SAL|JFG_SAL|Job Family Group SAL|Family SAL|M2|Level M2|JPC0054|This is the job description for HR Manager. Responsible for key duties and responsibilities.|JP00054|HR Manager|Summary: HR Manager position|WID00000054|HR Manager|MLM|Manager|Hourly|True|False|MATRIX_SAL_M2|True|True|Biweekly
00|N|N|False|CAT5|Executive|Non-Exempt|Non-Exempt|SAL|JFG_SAL|Job Family Group SAL|Family SAL|IC5|Level IC5|JPC0055|This is the job description for Operations Manager. Responsible for key duties and responsibilities.|JP00055|Operations Manager|Summary: Operations Manager position|WID00000055|Operations Manager|MLI|Individual Contributor|Hourly|False|False|MATRIX_SAL_IC5|False|False|Biweekly
00|Y|Y|False|CAT1|Senior Manager|Exempt|Exempt|OPS|JFG_OPS|Job Family Group OPS|Family OPS|IC5|Level IC5|JPC0056|This is the job description for Business Analyst. Responsible for key duties and responsibilities.|JP00056|Business Analyst|Summary: Business Analyst position|WID00000056|Business Analyst|MLI|Individual Contributor|Salary|True|False|MATRIX_OPS_IC5|False|False|Biweekly
00|Y|Y|False|CAT2|Senior Manager|Exempt|Non-Exempt|OPS|JFG_OPS|Job Family Group OPS|Family OPS|M5|Level M5|JPC0057|This is the job description for System Administrator. Responsible for key duties and responsibilities.|JP00057|System Administrator|Summary: System Administrator position|WID00000057|System Administrator|MLM|Manager|Salary|False|True|MATRIX_OPS_M5|True|True|Biweekly
00|N|Y|False|CAT3|Director|Exempt|Exempt|HR|JFG_HR|Job Family Group HR|Family HR|IC5|Level IC5|JPC0058|This is the job description for Software Engineer. Responsible for key duties and responsibilities.|JP00058|Software Engineer|Summary: Software Engineer position|WID00000058|Software Engineer|MLI|Individual Contributor|Hourly|False|False|MATRIX_HR_IC5|False|False|Biweekly
00|N|Y|False|CAT4|Individual Contributor|Non-Exempt|Non-Exempt|IT|JFG_IT|Job Family Group IT|Family IT|M1|Level M1|JPC0059|This is the job description for Project Manager. Responsible for key duties and responsibilities.|JP00059|Project Manager|Summary: Project Manager position|WID00000059|Project Manager|MLM|Manager|Salary|True|True|MATRIX_IT_M1|True|True|Biweekly
00|Y|N|False|CAT5|Executive|Exempt|Non-Exempt|HR|JFG_HR|Job Family Group HR|Family HR|M5|Level M5|JPC0060|This is the job description for Business Analyst. Responsible for key duties and responsibilities.|JP00060|Business Analyst|Summary: Business Analyst position|WID00000060|Business Analyst|MLM|Manager|Hourly|False|False|MATRIX_HR_M5|False|True|Biweekly
00|Y|Y|False|CAT1|Manager|Exempt|Non-Exempt|LEGAL|JFG_LEGAL|Job Family Group LEGAL|Family LEGAL|IC5|Level IC5|JPC0061|This is the job description for Marketing Manager. Responsible for key duties and responsibilities.|JP00061|Marketing Manager|Summary: Marketing Manager position|WID00000061|Marketing Manager|MLI|Individual Contributor|Salary|True|True|MATRIX_LEGAL_IC5|False|False|Biweekly
00|N|N|False|CAT2|Senior Manager|Exempt|Exempt|HR|JFG_HR|Job Family Group HR|Family HR|M4|Level M4|JPC0062|This is the job description for Data Analyst. Responsible for key duties and responsibilities.|JP00062|Data Analyst|Summary: Data Analyst position|WID00000062|Data Analyst|MLM|Manager|Hourly|False|False|MATRIX_HR_M4|False|True|Biweekly
00|Y|N|False|CAT3|Individual Contributor|Exempt|Exempt|FIN|JFG_FIN|Job Family Group FIN|Family FIN|IC4|Level IC4|JPC0063|This is the job description for Security Analyst. Responsible for key duties and responsibilities.|JP00063|Security Analyst|Summary: Security Analyst position|WID00000063|Security Analyst|MLI|Individual Contributor|Hourly|True|True|MATRIX_FIN_IC4|False|False|Biweekly
00|N|N|False|CAT4|Individual Contributor|Non-Exempt|Non-Exempt|ENG|JFG_ENG|Job Family Group ENG|Family ENG|IC3|Level IC3|JPC0064|This is the job description for System Administrator. Responsible for key duties and responsibilities.|JP00064|System Administrator|Summary: System Administrator position|WID00000064|System Administrator|MLI|Individual Contributor|Hourly|False|False|MATRIX_ENG_IC3|False|False|Biweekly
00|N|N|False|CAT5|Executive|Non-Exempt|Exempt|IT|JFG_IT|Job Family Group IT|Family IT|IC2|Level IC2|JPC0065|This is the job description for Marketing Manager. Responsible for key duties and responsibilities.|JP00065|Marketing Manager|Summary: Marketing Manager position|WID00000065|Marketing Manager|MLI|Individual Contributor|Salary|True|True|MATRIX_IT_IC2|False|False|Biweekly
00|N|N|False|CAT1|Senior Manager|Exempt|Non-Exempt|OPS|JFG_OPS|Job Family Group OPS|Family OPS|M5|Level M5|JPC0066|This is the job description for Software Engineer. Responsible for key duties and responsibilities.|JP00066|Software Engineer|Summary: Software Engineer position|WID00000066|Software Engineer|MLM|Manager|Hourly|True|False|MATRIX_OPS_M5|True|True|Biweekly
00|Y|N|False|CAT2|Director|Non-Exempt|Non-Exempt|MKTG|JFG_MKTG|Job Family Group MKTG|Family MKTG|M2|Level M2|JPC0067|This is the job description for Accountant. Responsible for key duties and responsibilities.|JP00067|Accountant|Summary: Accountant position|WID00000067|Accountant|MLM|Manager|Hourly|True|False|MATRIX_MKTG_M2|False|True|Biweekly
00|N|Y|False|CAT3|Executive|Non-Exempt|Non-Exempt|FIN|JFG_FIN|Job Family Group FIN|Family FIN|M1|Level M1|JPC0068|This is the job description for Business Analyst. Responsible for key duties and responsibilities.|JP00068|Business Analyst|Summary: Business Analyst position|WID00000068|Business Analyst|MLM|Manager|Salary|True|False|MATRIX_FIN_M1|False|True|Biweekly
00|Y|N|False|CAT4|Director|Non-Exempt|Exempt|IT|JFG_IT|Job Family Group IT|Family IT|M3|Level M3|JPC0069|This is the job description for System Administrator. Responsible for key duties and responsibilities.|JP00069|System Administrator|Summary: System Administrator position|WID00000069|System Administrator|MLM|Manager|Salary|True|True|MATRIX_IT_M3|False|True|Biweekly
00|Y|Y|False|CAT5|Director|Exempt|Exempt|OPS|JFG_OPS|Job Family Group OPS|Family OPS|M4|Level M4|JPC0070|This is the job description for Software Engineer. Responsible for key duties and responsibilities.|JP00070|Software Engineer|Summary: Software Engineer position|WID00000070|Software Engineer|MLM|Manager|Hourly|False|False|MATRIX_OPS_M4|True|True|Biweekly
00|Y|N|False|CAT1|Manager|Exempt|Exempt|LEGAL|JFG_LEGAL|Job Family Group LEGAL|Family LEGAL|M3|Level M3|JPC0071|This is the job description for HR Manager. Responsible for key duties and responsibilities.|JP00071|HR Manager|Summary: HR Manager position|WID00000071|HR Manager|MLM|Manager|Hourly|False|False|MATRIX_LEGAL_M3|False|True|Biweekly
00|N|N|False|CAT2|Manager|Non-Exempt|Non-Exempt|OPS|JFG_OPS|Job Family Group OPS|Family OPS|IC1|Level IC1|JPC0072|This is the job description for Business Analyst. Responsible for key duties and responsibilities.|JP00072|Business Analyst|Summary: Business Analyst position|WID00000072|Business Analyst|MLI|Individual Contributor|Hourly|False|False|MATRIX_OPS_IC1|False|False|Biweekly
00|Y|N|False|CAT3|Manager|Non-Exempt|Exempt|IT|JFG_IT|Job Family Group IT|Family IT|M1|Level M1|JPC0073|This is the job description for Network Engineer. Responsible for key duties and responsibilities.|JP00073|Network Engineer|Summary: Network Engineer position|WID00000073|Network Engineer|MLM|Manager|Hourly|False|False|MATRIX_IT_M1|False|True|Biweekly
00|Y|N|False|CAT4|Individual Contributor|Non-Exempt|Exempt|LEGAL|JFG_LEGAL|Job Family Group LEGAL|Family LEGAL|IC3|Level IC3|JPC0074|This is the job description for HR Manager. Responsible for key duties and responsibilities.|JP00074|HR Manager|Summary: HR Manager position|WID00000074|HR Manager|MLI|Individual Contributor|Hourly|True|True|MATRIX_LEGAL_IC3|False|False|Biweekly
00|N|N|False|CAT5|Executive|Non-Exempt|Exempt|LEGAL|JFG_LEGAL|Job Family Group LEGAL|Family LEGAL|IC3|Level IC3|JPC0075|This is the job description for Data Analyst. Responsible for key duties and responsibilities.|JP00075|Data Analyst|Summary: Data Analyst position|WID00000075|Data Analyst|MLI|Individual Contributor|Hourly|False|False|MATRIX_LEGAL_IC3|False|False|Biweekly
00|N|Y|False|CAT1|Individual Contributor|Non-Exempt|Exempt|IT|JFG_IT|Job Family Group IT|Family IT|M4|Level M4|JPC0076|This is the job description for Software Engineer. Responsible for key duties and responsibilities.|JP00076|Software Engineer|Summary: Software Engineer position|WID00000076|Software Engineer|MLM|Manager|Salary|False|True|MATRIX_IT_M4|True|True|Biweekly
00|Y|N|False|CAT2|Senior Manager|Non-Exempt|Non-Exempt|OPS|JFG_OPS|Job Family Group OPS|Family OPS|IC1|Level IC1|JPC0077|This is the job description for Software Engineer. Responsible for key duties and responsibilities.|JP00077|Software Engineer|Summary: Software Engineer position|WID00000077|Software Engineer|MLI|Individual Contributor|Salary|True|False|MATRIX_OPS_IC1|False|False|Biweekly
00|N|Y|False|CAT3|Director|Exempt|Exempt|HR|JFG_HR|Job Family Group HR|Family HR|IC3|Level IC3|JPC0078|This is the job description for Project Manager. Responsible for key duties and responsibilities.|JP00078|Project Manager|Summary: Project Manager position|WID00000078|Project Manager|MLI|Individual Contributor|Hourly|False|False|MATRIX_HR_IC3|False|False|Biweekly
00|N|Y|False|CAT4|Individual Contributor|Non-Exempt|Non-Exempt|OPS|JFG_OPS|Job Family Group OPS|Family OPS|IC1|Level IC1|JPC0079|This is the job description for Security Analyst. Responsible for key duties and responsibilities.|JP00079|Security Analyst|Summary: Security Analyst position|WID00000079|Security Analyst|MLI|Individual Contributor|Hourly|False|False|MATRIX_OPS_IC1|False|False|Biweekly
00|N|Y|False|CAT5|Manager|Non-Exempt|Non-Exempt|IT|JFG_IT|Job Family Group IT|Family IT|IC5|Level IC5|JPC0080|This is the job description for Product Manager. Responsible for key duties and responsibilities.|JP00080|Product Manager|Summary: Product Manager position|WID00000080|Product Manager|MLI|Individual Contributor|Hourly|False|True|MATRIX_IT_IC5|False|False|Biweekly
00|Y|N|False|CAT1|Senior Manager|Exempt|Non-Exempt|LEGAL|JFG_LEGAL|Job Family Group LEGAL|Family LEGAL|IC5|Level IC5|JPC0081|This is the job description for Software Engineer. Responsible for key duties and responsibilities.|JP00081|Software Engineer|Summary: Software Engineer position|WID00000081|Software Engineer|MLI|Individual Contributor|Salary|True|False|MATRIX_LEGAL_IC5|False|False|Biweekly
00|Y|N|False|CAT2|Director|Exempt|Non-Exempt|HR|JFG_HR|Job Family Group HR|Family HR|IC2|Level IC2|JPC0082|This is the job description for Security Analyst. Responsible for key duties and responsibilities.|JP00082|Security Analyst|Summary: Security Analyst position|WID00000082|Security Analyst|MLI|Individual Contributor|Salary|True|False|MATRIX_HR_IC2|False|False|Biweekly
00|N|N|False|CAT3|Manager|Non-Exempt|Non-Exempt|MKTG|JFG_MKTG|Job Family Group MKTG|Family MKTG|M2|Level M2|JPC0083|This is the job description for Project Manager. Responsible for key duties and responsibilities.|JP00083|Project Manager|Summary: Project Manager position|WID00000083|Project Manager|MLM|Manager|Hourly|False|True|MATRIX_MKTG_M2|False|True|Biweekly
00|Y|N|False|CAT4|Executive|Non-Exempt|Exempt|IT|JFG_IT|Job Family Group IT|Family IT|IC2|Level IC2|JPC0084|This is the job description for Project Manager. Responsible for key duties and responsibilities.|JP00084|Project Manager|Summary: Project Manager position|WID00000084|Project Manager|MLI|Individual Contributor|Hourly|True|False|MATRIX_IT_IC2|False|False|Biweekly
00|N|N|False|CAT5|Senior Manager|Exempt|Exempt|FIN|JFG_FIN|Job Family Group FIN|Family FIN|M3|Level M3|JPC0085|This is the job description for Accountant. Responsible for key duties and responsibilities.|JP00085|Accountant|Summary: Accountant position|WID00000085|Accountant|MLM|Manager|Hourly|True|False|MATRIX_FIN_M3|True|True|Biweekly
00|N|N|False|CAT1|Individual Contributor|Exempt|Exempt|SAL|JFG_SAL|Job Family Group SAL|Family SAL|IC2|Level IC2|JPC0086|This is the job description for Operations Manager. Responsible for key duties and responsibilities.|JP00086|Operations Manager|Summary: Operations Manager position|WID00000086|Operations Manager|MLI|Individual Contributor|Salary|False|False|MATRIX_SAL_IC2|False|False|Biweekly
00|Y|N|False|CAT2|Director|Non-Exempt|Non-Exempt|FIN|JFG_FIN|Job Family Group FIN|Family FIN|IC2|Level IC2|JPC0087|This is the job description for Product Manager. Responsible for key duties and responsibilities.|JP00087|Product Manager|Summary: Product Manager position|WID00000087|Product Manager|MLI|Individual Contributor|Salary|False|True|MATRIX_FIN_IC2|False|False|Biweekly
00|Y|N|False|CAT3|Manager|Non-Exempt|Non-Exempt|IT|JFG_IT|Job Family Group IT|Family IT|M5|Level M5|JPC0088|This is the job description for Finance Manager. Responsible for key duties and responsibilities.|JP00088|Finance Manager|Summary: Finance Manager position|WID00000088|Finance Manager|MLM|Manager|Salary|False|True|MATRIX_IT_M5|True|True|Biweekly
00|Y|N|False|CAT4|Senior Manager|Exempt|Exempt|MKTG|JFG_MKTG|Job Family Group MKTG|Family MKTG|M4|Level M4|JPC0089|This is the job description for Security Analyst. Responsible for key duties and responsibilities.|JP00089|Security Analyst|Summary: Security Analyst position|WID00000089|Security Analyst|MLM|Manager|Hourly|True|True|MATRIX_MKTG_M4|True|True|Biweekly
00|Y|Y|False|CAT5|Executive|Exempt|Exempt|ENG|JFG_ENG|Job Family Group ENG|Family ENG|IC1|Level IC1|JPC0090|This is the job description for System Administrator. Responsible for key duties and responsibilities.|JP00090|System Administrator|Summary: System Administrator position|WID00000090|System Administrator|MLI|Individual Contributor|Salary|True|True|MATRIX_ENG_IC1|False|False|Biweekly
00|Y|N|False|CAT1|Manager|Exempt|Non-Exempt|MKTG|JFG_MKTG|Job Family Group MKTG|Family MKTG|IC3|Level IC3|JPC0091|This is the job description for System Administrator. Responsible for key duties and responsibilities.|JP00091|System Administrator|Summary: System Administrator position|WID00000091|System Administrator|MLI|Individual Contributor|Salary|True|True|MATRIX_MKTG_IC3|False|False|Biweekly
00|N|Y|False|CAT2|Manager|Non-Exempt|Exempt|HR|JFG_HR|Job Family Group HR|Family HR|IC1|Level IC1|JPC0092|This is the job description for Accountant. Responsible for key duties and responsibilities.|JP00092|Accountant|Summary: Accountant position|WID00000092|Accountant|MLI|Individual Contributor|Salary|False|True|MATRIX_HR_IC1|False|False|Biweekly
00|Y|N|False|CAT3|Executive|Exempt|Exempt|FIN|JFG_FIN|Job Family Group FIN|Family FIN|M3|Level M3|JPC0093|This is the job description for HR Manager. Responsible for key duties and responsibilities.|JP00093|HR Manager|Summary: HR Manager position|WID00000093|HR Manager|MLM|Manager|Hourly|False|True|MATRIX_FIN_M3|True|True|Biweekly
00|Y|N|False|CAT4|Director|Exempt|Exempt|ENG|JFG_ENG|Job Family Group ENG|Family ENG|M3|Level M3|JPC0094|This is the job description for Network Engineer. Responsible for key duties and responsibilities.|JP00094|Network Engineer|Summary: Network Engineer position|WID00000094|Network Engineer|MLM|Manager|Hourly|True|True|MATRIX_ENG_M3|True|True|Biweekly
00|N|N|False|CAT5|Executive|Non-Exempt|Non-Exempt|HR|JFG_HR|Job Family Group HR|Family HR|IC5|Level IC5|JPC0095|This is the job description for Marketing Manager. Responsible for key duties and responsibilities.|JP00095|Marketing Manager|Summary: Marketing Manager position|WID00000095|Marketing Manager|MLI|Individual Contributor|Hourly|True|True|MATRIX_HR_IC5|False|False|Biweekly
00|N|N|False|CAT1|Director|Non-Exempt|Exempt|SAL|JFG_SAL|Job Family Group SAL|Family SAL|M2|Level M2|JPC0096|This is the job description for HR Manager. Responsible for key duties and responsibilities.|JP00096|HR Manager|Summary: HR Manager position|WID00000096|HR Manager|MLM|Manager|Hourly|False|False|MATRIX_SAL_M2|True|True|Biweekly
00|Y|Y|False|CAT2|Individual Contributor|Exempt|Non-Exempt|OPS|JFG_OPS|Job Family Group OPS|Family OPS|M1|Level M1|JPC0097|This is the job description for Project Manager. Responsible for key duties and responsibilities.|JP00097|Project Manager|Summary: Project Manager position|WID00000097|Project Manager|MLM|Manager|Salary|False|True|MATRIX_OPS_M1|True|True|Biweekly
00|Y|N|False|CAT3|Senior Manager|Non-Exempt|Exempt|ENG|JFG_ENG|Job Family Group ENG|Family ENG|M5|Level M5|JPC0098|This is the job description for Sales Executive. Responsible for key duties and responsibilities.|JP00098|Sales Executive|Summary: Sales Executive position|WID00000098|Sales Executive|MLM|Manager|Hourly|False|False|MATRIX_ENG_M5|True|True|Biweekly
00|N|Y|False|CAT4|Individual Contributor|Non-Exempt|Non-Exempt|FIN|JFG_FIN|Job Family Group FIN|Family FIN|M5|Level M5|JPC0099|This is the job description for Sales Executive. Responsible for key duties and responsibilities.|JP00099|Sales Executive|Summary: Sales Executive position|WID00000099|Sales Executive|MLM|Manager|Salary|False|True|MATRIX_FIN_M5|False|True|Biweekly
00|Y|N|False|CAT5|Individual Contributor|Exempt|Non-Exempt|LEGAL|JFG_LEGAL|Job Family Group LEGAL|Family LEGAL|M4|Level M4|JPC0100|This is the job description for System Administrator. Responsible for key duties and responsibilities.|JP00100|System Administrator|Summary: System Administrator position|WID00000100|System Administrator|MLM|Manager|Hourly|False|False|MATRIX_LEGAL_M4|True|True|Biweekly
00|N|Y|False|CAT1|Manager|Exempt|Exempt|ENG|JFG_ENG|Job Family Group ENG|Family ENG|IC3|Level IC3|JPC0101|This is the job description for Network Engineer. Responsible for key duties and responsibilities.|JP00101|Network Engineer|Summary: Network Engineer position|WID00000101|Network Engineer|MLI|Individual Contributor|Salary|False|False|MATRIX_ENG_IC3|False|False|Biweekly
00|N|Y|False|CAT2|Individual Contributor|Exempt|Exempt|IT|JFG_IT|Job Family Group IT|Family IT|M1|Level M1|JPC0102|This is the job description for Project Manager. Responsible for key duties and responsibilities.|JP00102|Project Manager|Summary: Project Manager position|WID00000102|Project Manager|MLM|Manager|Salary|True|False|MATRIX_IT_M1|False|True|Biweekly
00|N|Y|False|CAT3|Executive|Exempt|Non-Exempt|IT|JFG_IT|Job Family Group IT|Family IT|M2|Level M2|JPC0103|This is the job description for HR Manager. Responsible for key duties and responsibilities.|JP00103|HR Manager|Summary: HR Manager position|WID00000103|HR Manager|MLM|Manager|Hourly|True|False|MATRIX_IT_M2|True|True|Biweekly
00|N|Y|False|CAT4|Individual Contributor|Exempt|Non-Exempt|IT|JFG_IT|Job Family Group IT|Family IT|M4|Level M4|JPC0104|This is the job description for Operations Manager. Responsible for key duties and responsibilities.|JP00104|Operations Manager|Summary: Operations Manager position|WID00000104|Operations Manager|MLM|Manager|Salary|True|False|MATRIX_IT_M4|False|True|Biweekly
00|N|Y|False|CAT5|Manager|Non-Exempt|Exempt|OPS|JFG_OPS|Job Family Group OPS|Family OPS|M1|Level M1|JPC0105|This is the job description for Data Analyst. Responsible for key duties and responsibilities.|JP00105|Data Analyst|Summary: Data Analyst position|WID00000105|Data Analyst|MLM|Manager|Hourly|True|False|MATRIX_OPS_M1|False|True|Biweekly
00|N|N|False|CAT1|Executive|Non-Exempt|Non-Exempt|ENG|JFG_ENG|Job Family Group ENG|Family ENG|M2|Level M2|JPC0106|This is the job description for Software Engineer. Responsible for key duties and responsibilities.|JP00106|Software Engineer|Summary: Software Engineer position|WID00000106|Software Engineer|MLM|Manager|Hourly|True|False|MATRIX_ENG_M2|True|True|Biweekly
00|N|N|False|CAT2|Individual Contributor|Non-Exempt|Exempt|ENG|JFG_ENG|Job Family Group ENG|Family ENG|M1|Level M1|JPC0107|This is the job description for Project Manager. Responsible for key duties and responsibilities.|JP00107|Project Manager|Summary: Project Manager position|WID00000107|Project Manager|MLM|Manager|Salary|False|False|MATRIX_ENG_M1|True|True|Biweekly
00|Y|N|False|CAT3|Manager|Exempt|Exempt|FIN|JFG_FIN|Job Family Group FIN|Family FIN|M2|Level M2|JPC0108|This is the job description for Network Engineer. Responsible for key duties and responsibilities.|JP00108|Network Engineer|Summary: Network Engineer position|WID00000108|Network Engineer|MLM|Manager|Salary|False|False|MATRIX_FIN_M2|False|True|Biweekly
00|N|Y|False|CAT4|Manager|Exempt|Exempt|HR|JFG_HR|Job Family Group HR|Family HR|IC4|Level IC4|JPC0109|This is the job description for Data Analyst. Responsible for key duties and responsibilities.|JP00109|Data Analyst|Summary: Data Analyst position|WID00000109|Data Analyst|MLI|Individual Contributor|Salary|False|False|MATRIX_HR_IC4|False|False|Biweekly
00|N|N|False|CAT5|Manager|Non-Exempt|Exempt|IT|JFG_IT|Job Family Group IT|Family IT|M5|Level M5|JPC0110|This is the job description for Operations Manager. Responsible for key duties and responsibilities.|JP00110|Operations Manager|Summary: Operations Manager position|WID00000110|Operations Manager|MLM|Manager|Hourly|False|False|MATRIX_IT_M5|True|True|Biweekly
00|N|N|False|CAT1|Director|Exempt|Exempt|OPS|JFG_OPS|Job Family Group OPS|Family OPS|M5|Level M5|JPC0111|This is the job description for Software Engineer. Responsible for key duties and responsibilities.|JP00111|Software Engineer|Summary: Software Engineer position|WID00000111|Software Engineer|MLM|Manager|Hourly|False|True|MATRIX_OPS_M5|False|True|Biweekly
00|Y|N|False|CAT2|Executive|Exempt|Non-Exempt|FIN|JFG_FIN|Job Family Group FIN|Family FIN|M5|Level M5|JPC0112|This is the job description for Marketing Manager. Responsible for key duties and responsibilities.|JP00112|Marketing Manager|Summary: Marketing Manager position|WID00000112|Marketing Manager|MLM|Manager|Hourly|True|True|MATRIX_FIN_M5|True|True|Biweekly
00|Y|Y|False|CAT3|Individual Contributor|Exempt|Non-Exempt|IT|JFG_IT|Job Family Group IT|Family IT|IC2|Level IC2|JPC0113|This is the job description for System Administrator. Responsible for key duties and responsibilities.|JP00113|System Administrator|Summary: System Administrator position|WID00000113|System Administrator|MLI|Individual Contributor|Hourly|True|False|MATRIX_IT_IC2|False|False|Biweekly
00|N|Y|False|CAT4|Senior Manager|Exempt|Non-Exempt|MKTG|JFG_MKTG|Job Family Group MKTG|Family MKTG|IC5|Level IC5|JPC0114|This is the job description for Finance Manager. Responsible for key duties and responsibilities.|JP00114|Finance Manager|Summary: Finance Manager position|WID00000114|Finance Manager|MLI|Individual Contributor|Salary|False|False|MATRIX_MKTG_IC5|False|False|Biweekly
00|Y|N|False|CAT5|Senior Manager|Non-Exempt|Exempt|OPS|JFG_OPS|Job Family Group OPS|Family OPS|M5|Level M5|JPC0115|This is the job description for Network Engineer. Responsible for key duties and responsibilities.|JP00115|Network Engineer|Summary: Network Engineer position|WID00000115|Network Engineer|MLM|Manager|Salary|False|False|MATRIX_OPS_M5|False|True|Biweekly
00|Y|N|False|CAT1|Executive|Non-Exempt|Exempt|MKTG|JFG_MKTG|Job Family Group MKTG|Family MKTG|IC3|Level IC3|JPC0116|This is the job description for Operations Manager. Responsible for key duties and responsibilities.|JP00116|Operations Manager|Summary: Operations Manager position|WID00000116|Operations Manager|MLI|Individual Contributor|Hourly|False|True|MATRIX_MKTG_IC3|False|False|Biweekly
00|Y|Y|False|CAT2|Individual Contributor|Non-Exempt|Exempt|SAL|JFG_SAL|Job Family Group SAL|Family SAL|M1|Level M1|JPC0117|This is the job description for System Administrator. Responsible for key duties and responsibilities.|JP00117|System Administrator|Summary: System Administrator position|WID00000117|System Administrator|MLM|Manager|Salary|False|True|MATRIX_SAL_M1|True|True|Biweekly
00|Y|N|False|CAT3|Individual Contributor|Non-Exempt|Non-Exempt|LEGAL|JFG_LEGAL|Job Family Group LEGAL|Family LEGAL|IC3|Level IC3|JPC0118|This is the job description for Project Manager. Responsible for key duties and responsibilities.|JP00118|Project Manager|Summary: Project Manager position|WID00000118|Project Manager|MLI|Individual Contributor|Salary|False|False|MATRIX_LEGAL_IC3|False|False|Biweekly
00|N|N|False|CAT4|Manager|Non-Exempt|Non-Exempt|IT|JFG_IT|Job Family Group IT|Family IT|IC4|Level IC4|JPC0119|This is the job description for Sales Executive. Responsible for key duties and responsibilities.|JP00119|Sales Executive|Summary: Sales Executive position|WID00000119|Sales Executive|MLI|Individual Contributor|Hourly|False|False|MATRIX_IT_IC4|False|False|Biweekly
00|Y|N|False|CAT5|Individual Contributor|Non-Exempt|Non-Exempt|LEGAL|JFG_LEGAL|Job Family Group LEGAL|Family LEGAL|IC3|Level IC3|JPC0120|This is the job description for Network Engineer. Responsible for key duties and responsibilities.|JP00120|Network Engineer|Summary: Network Engineer position|WID00000120|Network Engineer|MLI|Individual Contributor|Salary|True|False|MATRIX_LEGAL_IC3|False|False|Biweekly
00|Y|N|False|CAT1|Individual Contributor|Exempt|Non-Exempt|FIN|JFG_FIN|Job Family Group FIN|Family FIN|IC3|Level IC3|JPC0121|This is the job description for Business Analyst. Responsible for key duties and responsibilities.|JP00121|Business Analyst|Summary: Business Analyst position|WID00000121|Business Analyst|MLI|Individual Contributor|Hourly|True|False|MATRIX_FIN_IC3|False|False|Biweekly
00|Y|N|False|CAT2|Manager|Exempt|Non-Exempt|ENG|JFG_ENG|Job Family Group ENG|Family ENG|M2|Level M2|JPC0122|This is the job description for Sales Executive. Responsible for key duties and responsibilities.|JP00122|Sales Executive|Summary: Sales Executive position|WID00000122|Sales Executive|MLM|Manager|Salary|False|True|MATRIX_ENG_M2|False|True|Biweekly
00|Y|N|False|CAT3|Director|Exempt|Exempt|HR|JFG_HR|Job Family Group HR|Family HR|IC1|Level IC1|JPC0123|This is the job description for Business Analyst. Responsible for key duties and responsibilities.|JP00123|Business Analyst|Summary: Business Analyst position|WID00000123|Business Analyst|MLI|Individual Contributor|Salary|False|True|MATRIX_HR_IC1|False|False|Biweekly
00|Y|N|False|CAT4|Manager|Non-Exempt|Exempt|HR|JFG_HR|Job Family Group HR|Family HR|M4|Level M4|JPC0124|This is the job description for Quality Assurance. Responsible for key duties and responsibilities.|JP00124|Quality Assurance|Summary: Quality Assurance position|WID00000124|Quality Assurance|MLM|Manager|Salary|True|False|MATRIX_HR_M4|True|True|Biweekly
00|Y|Y|False|CAT5|Manager|Non-Exempt|Non-Exempt|IT|JFG_IT|Job Family Group IT|Family IT|IC2|Level IC2|JPC0125|This is the job description for Data Analyst. Responsible for key duties and responsibilities.|JP00125|Data Analyst|Summary: Data Analyst position|WID00000125|Data Analyst|MLI|Individual Contributor|Salary|False|True|MATRIX_IT_IC2|False|False|Biweekly
00|Y|N|False|CAT1|Individual Contributor|Exempt|Non-Exempt|LEGAL|JFG_LEGAL|Job Family Group LEGAL|Family LEGAL|IC3|Level IC3|JPC0126|This is the job description for Operations Manager. Responsible for key duties and responsibilities.|JP00126|Operations Manager|Summary: Operations Manager position|WID00000126|Operations Manager|MLI|Individual Contributor|Hourly|True|False|MATRIX_LEGAL_IC3|False|False|Biweekly
00|N|Y|False|CAT2|Senior Manager|Exempt|Exempt|MKTG|JFG_MKTG|Job Family Group MKTG|Family MKTG|IC5|Level IC5|JPC0127|This is the job description for Quality Assurance. Responsible for key duties and responsibilities.|JP00127|Quality Assurance|Summary: Quality Assurance position|WID00000127|Quality Assurance|MLI|Individual Contributor|Hourly|True|True|MATRIX_MKTG_IC5|False|False|Biweekly
00|N|N|False|CAT3|Manager|Exempt|Exempt|MKTG|JFG_MKTG|Job Family Group MKTG|Family MKTG|M4|Level M4|JPC0128|This is the job description for Accountant. Responsible for key duties and responsibilities.|JP00128|Accountant|Summary: Accountant position|WID00000128|Accountant|MLM|Manager|Hourly|True|False|MATRIX_MKTG_M4|True|True|Biweekly
00|Y|N|False|CAT4|Senior Manager|Non-Exempt|Non-Exempt|SAL|JFG_SAL|Job Family Group SAL|Family SAL|IC1|Level IC1|JPC0129|This is the job description for System Administrator. Responsible for key duties and responsibilities.|JP00129|System Administrator|Summary: System Administrator position|WID00000129|System Administrator|MLI|Individual Contributor|Hourly|True|True|MATRIX_SAL_IC1|False|False|Biweekly
00|N|N|False|CAT5|Individual Contributor|Non-Exempt|Non-Exempt|OPS|JFG_OPS|Job Family Group OPS|Family OPS|M1|Level M1|JPC0130|This is the job description for Network Engineer. Responsible for key duties and responsibilities.|JP00130|Network Engineer|Summary: Network Engineer position|WID00000130|Network Engineer|MLM|Manager|Hourly|False|False|MATRIX_OPS_M1|True|True|Biweekly
00|N|N|False|CAT1|Executive|Non-Exempt|Exempt|MKTG|JFG_MKTG|Job Family Group MKTG|Family MKTG|IC3|Level IC3|JPC0131|This is the job description for HR Manager. Responsible for key duties and responsibilities.|JP00131|HR Manager|Summary: HR Manager position|WID00000131|HR Manager|MLI|Individual Contributor|Hourly|True|False|MATRIX_MKTG_IC3|False|False|Biweekly
00|N|N|False|CAT2|Senior Manager|Non-Exempt|Non-Exempt|HR|JFG_HR|Job Family Group HR|Family HR|M4|Level M4|JPC0132|This is the job description for Business Analyst. Responsible for key duties and responsibilities.|JP00132|Business Analyst|Summary: Business Analyst position|WID00000132|Business Analyst|MLM|Manager|Salary|False|False|MATRIX_HR_M4|False|True|Biweekly
00|N|N|False|CAT3|Individual Contributor|Exempt|Non-Exempt|IT|JFG_IT|Job Family Group IT|Family IT|IC1|Level IC1|JPC0133|This is the job description for Quality Assurance. Responsible for key duties and responsibilities.|JP00133|Quality Assurance|Summary: Quality Assurance position|WID00000133|Quality Assurance|MLI|Individual Contributor|Hourly|True|True|MATRIX_IT_IC1|False|False|Biweekly
00|Y|Y|False|CAT4|Manager|Non-Exempt|Non-Exempt|HR|JFG_HR|Job Family Group HR|Family HR|M5|Level M5|JPC0134|This is the job description for Operations Manager. Responsible for key duties and responsibilities.|JP00134|Operations Manager|Summary: Operations Manager position|WID00000134|Operations Manager|MLM|Manager|Hourly|True|True|MATRIX_HR_M5|True|True|Biweekly
00|Y|N|False|CAT5|Director|Non-Exempt|Non-Exempt|IT|JFG_IT|Job Family Group IT|Family IT|M1|Level M1|JPC0135|This is the job description for Accountant. Responsible for key duties and responsibilities.|JP00135|Accountant|Summary: Accountant position|WID00000135|Accountant|MLM|Manager|Salary|True|True|MATRIX_IT_M1|True|True|Biweekly
00|Y|N|False|CAT1|Senior Manager|Non-Exempt|Exempt|HR|JFG_HR|Job Family Group HR|Family HR|M3|Level M3|JPC0136|This is the job description for Sales Executive. Responsible for key duties and responsibilities.|JP00136|Sales Executive|Summary: Sales Executive position|WID00000136|Sales Executive|MLM|Manager|Hourly|False|True|MATRIX_HR_M3|False|True|Biweekly
00|N|Y|False|CAT2|Director|Exempt|Non-Exempt|FIN|JFG_FIN|Job Family Group FIN|Family FIN|IC3|Level IC3|JPC0137|This is the job description for Network Engineer. Responsible for key duties and responsibilities.|JP00137|Network Engineer|Summary: Network Engineer position|WID00000137|Network Engineer|MLI|Individual Contributor|Hourly|True|False|MATRIX_FIN_IC3|False|False|Biweekly
00|Y|N|False|CAT3|Executive|Exempt|Exempt|OPS|JFG_OPS|Job Family Group OPS|Family OPS|IC3|Level IC3|JPC0138|This is the job description for Quality Assurance. Responsible for key duties and responsibilities.|JP00138|Quality Assurance|Summary: Quality Assurance position|WID00000138|Quality Assurance|MLI|Individual Contributor|Salary|True|True|MATRIX_OPS_IC3|False|False|Biweekly
00|N|N|False|CAT4|Executive|Exempt|Exempt|IT|JFG_IT|Job Family Group IT|Family IT|IC1|Level IC1|JPC0139|This is the job description for Accountant. Responsible for key duties and responsibilities.|JP00139|Accountant|Summary: Accountant position|WID00000139|Accountant|MLI|Individual Contributor|Salary|False|False|MATRIX_IT_IC1|False|False|Biweekly
00|Y|Y|False|CAT5|Senior Manager|Exempt|Non-Exempt|IT|JFG_IT|Job Family Group IT|Family IT|M4|Level M4|JPC0140|This is the job description for Finance Manager. Responsible for key duties and responsibilities.|JP00140|Finance Manager|Summary: Finance Manager position|WID00000140|Finance Manager|MLM|Manager|Hourly|False|True|MATRIX_IT_M4|True|True|Biweekly
00|Y|Y|False|CAT1|Executive|Exempt|Non-Exempt|HR|JFG_HR|Job Family Group HR|Family HR|IC3|Level IC3|JPC0141|This is the job description for Finance Manager. Responsible for key duties and responsibilities.|JP00141|Finance Manager|Summary: Finance Manager position|WID00000141|Finance Manager|MLI|Individual Contributor|Salary|True|False|MATRIX_HR_IC3|False|False|Biweekly
00|N|Y|False|CAT2|Executive|Non-Exempt|Exempt|SAL|JFG_SAL|Job Family Group SAL|Family SAL|M1|Level M1|JPC0142|This is the job description for Sales Executive. Responsible for key duties and responsibilities.|JP00142|Sales Executive|Summary: Sales Executive position|WID00000142|Sales Executive|MLM|Manager|Hourly|True|True|MATRIX_SAL_M1|True|True|Biweekly
00|N|Y|False|CAT3|Individual Contributor|Exempt|Exempt|HR|JFG_HR|Job Family Group HR|Family HR|IC3|Level IC3|JPC0143|This is the job description for Operations Manager. Responsible for key duties and responsibilities.|JP00143|Operations Manager|Summary: Operations Manager position|WID00000143|Operations Manager|MLI|Individual Contributor|Hourly|True|False|MATRIX_HR_IC3|False|False|Biweekly
00|N|N|False|CAT4|Manager|Non-Exempt|Non-Exempt|ENG|JFG_ENG|Job Family Group ENG|Family ENG|M3|Level M3|JPC0144|This is the job description for Security Analyst. Responsible for key duties and responsibilities.|JP00144|Security Analyst|Summary: Security Analyst position|WID00000144|Security Analyst|MLM|Manager|Hourly|True|True|MATRIX_ENG_M3|True|True|Biweekly
00|N|Y|False|CAT5|Senior Manager|Non-Exempt|Non-Exempt|HR|JFG_HR|Job Family Group HR|Family HR|M3|Level M3|JPC0145|This is the job description for Finance Manager. Responsible for key duties and responsibilities.|JP00145|Finance Manager|Summary: Finance Manager position|WID00000145|Finance Manager|MLM|Manager|Hourly|True|False|MATRIX_HR_M3|True|True|Biweekly
00|N|Y|False|CAT1|Manager|Exempt|Exempt|FIN|JFG_FIN|Job Family Group FIN|Family FIN|M1|Level M1|JPC0146|This is the job description for Product Manager. Responsible for key duties and responsibilities.|JP00146|Product Manager|Summary: Product Manager position|WID00000146|Product Manager|MLM|Manager|Hourly|False|False|MATRIX_FIN_M1|True|True|Biweekly
00|N|Y|False|CAT2|Manager|Non-Exempt|Non-Exempt|SAL|JFG_SAL|Job Family Group SAL|Family SAL|IC3|Level IC3|JPC0147|This is the job description for Network Engineer. Responsible for key duties and responsibilities.|JP00147|Network Engineer|Summary: Network Engineer position|WID00000147|Network Engineer|MLI|Individual Contributor|Hourly|False|False|MATRIX_SAL_IC3|False|False|Biweekly
00|N|Y|False|CAT3|Manager|Non-Exempt|Exempt|ENG|JFG_ENG|Job Family Group ENG|Family ENG|IC2|Level IC2|JPC0148|This is the job description for Finance Manager. Responsible for key duties and responsibilities.|JP00148|Finance Manager|Summary: Finance Manager position|WID00000148|Finance Manager|MLI|Individual Contributor|Salary|False|False|MATRIX_ENG_IC2|False|False|Biweekly
00|Y|N|False|CAT4|Manager|Non-Exempt|Non-Exempt|IT|JFG_IT|Job Family Group IT|Family IT|IC5|Level IC5|JPC0149|This is the job description for Sales Executive. Responsible for key duties and responsibilities.|JP00149|Sales Executive|Summary: Sales Executive position|WID00000149|Sales Executive|MLI|Individual Contributor|Hourly|False|True|MATRIX_IT_IC5|False|False|Biweekly
00|Y|N|False|CAT5|Executive|Non-Exempt|Exempt|LEGAL|JFG_LEGAL|Job Family Group LEGAL|Family LEGAL|IC1|Level IC1|JPC0150|This is the job description for Marketing Manager. Responsible for key duties and responsibilities.|JP00150|Marketing Manager|Summary: Marketing Manager position|WID00000150|Marketing Manager|MLI|Individual Contributor|Hourly|False|False|MATRIX_LEGAL_IC1|False|False|Biweekly
00|N|N|False|CAT1|Executive|Non-Exempt|Exempt|FIN|JFG_FIN|Job Family Group FIN|Family FIN|IC3|Level IC3|JPC0151|This is the job description for Data Analyst. Responsible for key duties and responsibilities.|JP00151|Data Analyst|Summary: Data Analyst position|WID00000151|Data Analyst|MLI|Individual Contributor|Salary|False|True|MATRIX_FIN_IC3|False|False|Biweekly
00|N|N|False|CAT2|Executive|Non-Exempt|Exempt|ENG|JFG_ENG|Job Family Group ENG|Family ENG|IC1|Level IC1|JPC0152|This is the job description for Project Manager. Responsible for key duties and responsibilities.|JP00152|Project Manager|Summary: Project Manager position|WID00000152|Project Manager|MLI|Individual Contributor|Salary|False|False|MATRIX_ENG_IC1|False|False|Biweekly
00|N|N|False|CAT3|Executive|Non-Exempt|Non-Exempt|HR|JFG_HR|Job Family Group HR|Family HR|M2|Level M2|JPC0153|This is the job description for Marketing Manager. Responsible for key duties and responsibilities.|JP00153|Marketing Manager|Summary: Marketing Manager position|WID00000153|Marketing Manager|MLM|Manager|Salary|False|False|MATRIX_HR_M2|True|True|Biweekly
00|Y|N|False|CAT4|Senior Manager|Exempt|Exempt|FIN|JFG_FIN|Job Family Group FIN|Family FIN|M2|Level M2|JPC0154|This is the job description for Marketing Manager. Responsible for key duties and responsibilities.|JP00154|Marketing Manager|Summary: Marketing Manager position|WID00000154|Marketing Manager|MLM|Manager|Hourly|True|False|MATRIX_FIN_M2|False|True|Biweekly
00|Y|Y|False|CAT5|Individual Contributor|Non-Exempt|Non-Exempt|HR|JFG_HR|Job Family Group HR|Family HR|IC4|Level IC4|JPC0155|This is the job description for Software Engineer. Responsible for key duties and responsibilities.|JP00155|Software Engineer|Summary: Software Engineer position|WID00000155|Software Engineer|MLI|Individual Contributor|Hourly|True|False|MATRIX_HR_IC4|False|False|Biweekly
00|Y|Y|False|CAT1|Executive|Exempt|Non-Exempt|SAL|JFG_SAL|Job Family Group SAL|Family SAL|M2|Level M2|JPC0156|This is the job description for Sales Executive. Responsible for key duties and responsibilities.|JP00156|Sales Executive|Summary: Sales Executive position|WID00000156|Sales Executive|MLM|Manager|Hourly|False|False|MATRIX_SAL_M2|True|True|Biweekly
00|N|N|False|CAT2|Executive|Non-Exempt|Exempt|HR|JFG_HR|Job Family Group HR|Family HR|M3|Level M3|JPC0157|This is the job description for Security Analyst. Responsible for key duties and responsibilities.|JP00157|Security Analyst|Summary: Security Analyst position|WID00000157|Security Analyst|MLM|Manager|Salary|False|False|MATRIX_HR_M3|True|True|Biweekly
00|Y|N|False|CAT3|Senior Manager|Non-Exempt|Non-Exempt|SAL|JFG_SAL|Job Family Group SAL|Family SAL|IC5|Level IC5|JPC0158|This is the job description for System Administrator. Responsible for key duties and responsibilities.|JP00158|System Administrator|Summary: System Administrator position|WID00000158|System Administrator|MLI|Individual Contributor|Hourly|False|True|MATRIX_SAL_IC5|False|False|Biweekly
00|Y|N|False|CAT4|Individual Contributor|Non-Exempt|Exempt|LEGAL|JFG_LEGAL|Job Family Group LEGAL|Family LEGAL|M2|Level M2|JPC0159|This is the job description for Network Engineer. Responsible for key duties and responsibilities.|JP00159|Network Engineer|Summary: Network Engineer position|WID00000159|Network Engineer|MLM|Manager|Hourly|False|False|MATRIX_LEGAL_M2|False|True|Biweekly
00|N|N|False|CAT5|Manager|Exempt|Exempt|IT|JFG_IT|Job Family Group IT|Family IT|IC4|Level IC4|JPC0160|This is the job description for Product Manager. Responsible for key duties and responsibilities.|JP00160|Product Manager|Summary: Product Manager position|WID00000160|Product Manager|MLI|Individual Contributor|Salary|True|True|MATRIX_IT_IC4|False|False|Biweekly
00|N|N|False|CAT1|Individual Contributor|Exempt|Exempt|SAL|JFG_SAL|Job Family Group SAL|Family SAL|IC1|Level IC1|JPC0161|This is the job description for Data Analyst. Responsible for key duties and responsibilities.|JP00161|Data Analyst|Summary: Data Analyst position|WID00000161|Data Analyst|MLI|Individual Contributor|Salary|False|False|MATRIX_SAL_IC1|False|False|Biweekly
00|N|N|False|CAT2|Individual Contributor|Exempt|Exempt|IT|JFG_IT|Job Family Group IT|Family IT|IC4|Level IC4|JPC0162|This is the job description for System Administrator. Responsible for key duties and responsibilities.|JP00162|System Administrator|Summary: System Administrator position|WID00000162|System Administrator|MLI|Individual Contributor|Salary|True|False|MATRIX_IT_IC4|False|False|Biweekly
00|N|Y|False|CAT3|Senior Manager|Exempt|Exempt|HR|JFG_HR|Job Family Group HR|Family HR|IC1|Level IC1|JPC0163|This is the job description for Network Engineer. Responsible for key duties and responsibilities.|JP00163|Network Engineer|Summary: Network Engineer position|WID00000163|Network Engineer|MLI|Individual Contributor|Hourly|True|False|MATRIX_HR_IC1|False|False|Biweekly
00|Y|N|False|CAT4|Senior Manager|Exempt|Exempt|OPS|JFG_OPS|Job Family Group OPS|Family OPS|M3|Level M3|JPC0164|This is the job description for Operations Manager. Responsible for key duties and responsibilities.|JP00164|Operations Manager|Summary: Operations Manager position|WID00000164|Operations Manager|MLM|Manager|Hourly|True|False|MATRIX_OPS_M3|True|True|Biweekly
00|N|N|False|CAT5|Executive|Exempt|Exempt|OPS|JFG_OPS|Job Family Group OPS|Family OPS|IC3|Level IC3|JPC0165|This is the job description for Software Engineer. Responsible for key duties and responsibilities.|JP00165|Software Engineer|Summary: Software Engineer position|WID00000165|Software Engineer|MLI|Individual Contributor|Hourly|False|False|MATRIX_OPS_IC3|False|False|Biweekly
00|N|N|False|CAT1|Manager|Exempt|Non-Exempt|FIN|JFG_FIN|Job Family Group FIN|Family FIN|M2|Level M2|JPC0166|This is the job description for Operations Manager. Responsible for key duties and responsibilities.|JP00166|Operations Manager|Summary: Operations Manager position|WID00000166|Operations Manager|MLM|Manager|Hourly|True|False|MATRIX_FIN_M2|False|True|Biweekly
00|Y|N|False|CAT2|Senior Manager|Exempt|Exempt|OPS|JFG_OPS|Job Family Group OPS|Family OPS|M1|Level M1|JPC0167|This is the job description for Business Analyst. Responsible for key duties and responsibilities.|JP00167|Business Analyst|Summary: Business Analyst position|WID00000167|Business Analyst|MLM|Manager|Salary|False|False|MATRIX_OPS_M1|True|True|Biweekly
00|N|Y|False|CAT3|Senior Manager|Non-Exempt|Exempt|HR|JFG_HR|Job Family Group HR|Family HR|M2|Level M2|JPC0168|This is the job description for Operations Manager. Responsible for key duties and responsibilities.|JP00168|Operations Manager|Summary: Operations Manager position|WID00000168|Operations Manager|MLM|Manager|Salary|True|False|MATRIX_HR_M2|True|True|Biweekly
00|N|N|False|CAT4|Executive|Exempt|Exempt|HR|JFG_HR|Job Family Group HR|Family HR|M3|Level M3|JPC0169|This is the job description for Quality Assurance. Responsible for key duties and responsibilities.|JP00169|Quality Assurance|Summary: Quality Assurance position|WID00000169|Quality Assurance|MLM|Manager|Salary|False|False|MATRIX_HR_M3|True|True|Biweekly
00|Y|Y|False|CAT5|Manager|Non-Exempt|Non-Exempt|FIN|JFG_FIN|Job Family Group FIN|Family FIN|M5|Level M5|JPC0170|This is the job description for Data Analyst. Responsible for key duties and responsibilities.|JP00170|Data Analyst|Summary: Data Analyst position|WID00000170|Data Analyst|MLM|Manager|Salary|True|False|MATRIX_FIN_M5|False|True|Biweekly
00|Y|N|False|CAT1|Director|Exempt|Non-Exempt|FIN|JFG_FIN|Job Family Group FIN|Family FIN|M4|Level M4|JPC0171|This is the job description for HR Manager. Responsible for key duties and responsibilities.|JP00171|HR Manager|Summary: HR Manager position|WID00000171|HR Manager|MLM|Manager|Hourly|True|False|MATRIX_FIN_M4|True|True|Biweekly
00|Y|Y|False|CAT2|Director|Non-Exempt|Exempt|OPS|JFG_OPS|Job Family Group OPS|Family OPS|IC1|Level IC1|JPC0172|This is the job description for Quality Assurance. Responsible for key duties and responsibilities.|JP00172|Quality Assurance|Summary: Quality Assurance position|WID00000172|Quality Assurance|MLI|Individual Contributor|Salary|True|False|MATRIX_OPS_IC1|False|False|Biweekly
00|Y|N|False|CAT3|Senior Manager|Non-Exempt|Non-Exempt|ENG|JFG_ENG|Job Family Group ENG|Family ENG|IC5|Level IC5|JPC0173|This is the job description for Finance Manager. Responsible for key duties and responsibilities.|JP00173|Finance Manager|Summary: Finance Manager position|WID00000173|Finance Manager|MLI|Individual Contributor|Hourly|False|True|MATRIX_ENG_IC5|False|False|Biweekly
00|N|Y|False|CAT4|Manager|Exempt|Exempt|HR|JFG_HR|Job Family Group HR|Family HR|M1|Level M1|JPC0174|This is the job description for Data Analyst. Responsible for key duties and responsibilities.|JP00174|Data Analyst|Summary: Data Analyst position|WID00000174|Data Analyst|MLM|Manager|Hourly|False|False|MATRIX_HR_M1|False|True|Biweekly
00|N|Y|False|CAT5|Senior Manager|Exempt|Exempt|LEGAL|JFG_LEGAL|Job Family Group LEGAL|Family LEGAL|IC4|Level IC4|JPC0175|This is the job description for Product Manager. Responsible for key duties and responsibilities.|JP00175|Product Manager|Summary: Product Manager position|WID00000175|Product Manager|MLI|Individual Contributor|Salary|False|True|MATRIX_LEGAL_IC4|False|False|Biweekly
00|Y|N|False|CAT1|Executive|Exempt|Exempt|SAL|JFG_SAL|Job Family Group SAL|Family SAL|IC4|Level IC4|JPC0176|This is the job description for Data Analyst. Responsible for key duties and responsibilities.|JP00176|Data Analyst|Summary: Data Analyst position|WID00000176|Data Analyst|MLI|Individual Contributor|Salary|False|False|MATRIX_SAL_IC4|False|False|Biweekly
00|Y|Y|False|CAT2|Executive|Non-Exempt|Exempt|SAL|JFG_SAL|Job Family Group SAL|Family SAL|M4|Level M4|JPC0177|This is the job description for Product Manager. Responsible for key duties and responsibilities.|JP00177|Product Manager|Summary: Product Manager position|WID00000177|Product Manager|MLM|Manager|Hourly|False|True|MATRIX_SAL_M4|True|True|Biweekly
00|Y|N|False|CAT3|Senior Manager|Non-Exempt|Exempt|OPS|JFG_OPS|Job Family Group OPS|Family OPS|IC3|Level IC3|JPC0178|This is the job description for Operations Manager. Responsible for key duties and responsibilities.|JP00178|Operations Manager|Summary: Operations Manager position|WID00000178|Operations Manager|MLI|Individual Contributor|Salary|False|False|MATRIX_OPS_IC3|False|False|Biweekly
00|N|N|False|CAT4|Director|Exempt|Non-Exempt|ENG|JFG_ENG|Job Family Group ENG|Family ENG|M1|Level M1|JPC0179|This is the job description for Operations Manager. Responsible for key duties and responsibilities.|JP00179|Operations Manager|Summary: Operations Manager position|WID00000179|Operations Manager|MLM|Manager|Hourly|True|False|MATRIX_ENG_M1|True|True|Biweekly
00|Y|N|False|CAT5|Individual Contributor|Non-Exempt|Non-Exempt|SAL|JFG_SAL|Job Family Group SAL|Family SAL|IC4|Level IC4|JPC0180|This is the job description for Business Analyst. Responsible for key duties and responsibilities.|JP00180|Business Analyst|Summary: Business Analyst position|WID00000180|Business Analyst|MLI|Individual Contributor|Salary|False|True|MATRIX_SAL_IC4|False|False|Biweekly
00|Y|N|False|CAT1|Senior Manager|Exempt|Exempt|OPS|JFG_OPS|Job Family Group OPS|Family OPS|IC4|Level IC4|JPC0181|This is the job description for Accountant. Responsible for key duties and responsibilities.|JP00181|Accountant|Summary: Accountant position|WID00000181|Accountant|MLI|Individual Contributor|Salary|False|False|MATRIX_OPS_IC4|False|False|Biweekly
00|Y|N|False|CAT2|Manager|Non-Exempt|Non-Exempt|ENG|JFG_ENG|Job Family Group ENG|Family ENG|IC2|Level IC2|JPC0182|This is the job description for Product Manager. Responsible for key duties and responsibilities.|JP00182|Product Manager|Summary: Product Manager position|WID00000182|Product Manager|MLI|Individual Contributor|Salary|True|True|MATRIX_ENG_IC2|False|False|Biweekly
00|Y|N|False|CAT3|Manager|Non-Exempt|Non-Exempt|FIN|JFG_FIN|Job Family Group FIN|Family FIN|M3|Level M3|JPC0183|This is the job description for Security Analyst. Responsible for key duties and responsibilities.|JP00183|Security Analyst|Summary: Security Analyst position|WID00000183|Security Analyst|MLM|Manager|Hourly|False|False|MATRIX_FIN_M3|False|True|Biweekly
00|N|N|False|CAT4|Individual Contributor|Non-Exempt|Non-Exempt|OPS|JFG_OPS|Job Family Group OPS|Family OPS|IC5|Level IC5|JPC0184|This is the job description for Accountant. Responsible for key duties and responsibilities.|JP00184|Accountant|Summary: Accountant position|WID00000184|Accountant|MLI|Individual Contributor|Salary|False|False|MATRIX_OPS_IC5|False|False|Biweekly
00|Y|Y|False|CAT5|Senior Manager|Non-Exempt|Non-Exempt|LEGAL|JFG_LEGAL|Job Family Group LEGAL|Family LEGAL|IC1|Level IC1|JPC0185|This is the job description for Marketing Manager. Responsible for key duties and responsibilities.|JP00185|Marketing Manager|Summary: Marketing Manager position|WID00000185|Marketing Manager|MLI|Individual Contributor|Salary|True|False|MATRIX_LEGAL_IC1|False|False|Biweekly
00|N|N|False|CAT1|Director|Non-Exempt|Non-Exempt|SAL|JFG_SAL|Job Family Group SAL|Family SAL|M2|Level M2|JPC0186|This is the job description for Marketing Manager. Responsible for key duties and responsibilities.|JP00186|Marketing Manager|Summary: Marketing Manager position|WID00000186|Marketing Manager|MLM|Manager|Salary|False|True|MATRIX_SAL_M2|True|True|Biweekly
00|Y|Y|False|CAT2|Individual Contributor|Exempt|Exempt|HR|JFG_HR|Job Family Group HR|Family HR|M4|Level M4|JPC0187|This is the job description for HR Manager. Responsible for key duties and responsibilities.|JP00187|HR Manager|Summary: HR Manager position|WID00000187|HR Manager|MLM|Manager|Hourly|True|True|MATRIX_HR_M4|False|True|Biweekly
00|N|N|False|CAT3|Individual Contributor|Non-Exempt|Non-Exempt|FIN|JFG_FIN|Job Family Group FIN|Family FIN|IC3|Level IC3|JPC0188|This is the job description for Software Engineer. Responsible for key duties and responsibilities.|JP00188|Software Engineer|Summary: Software Engineer position|WID00000188|Software Engineer|MLI|Individual Contributor|Salary|True|False|MATRIX_FIN_IC3|False|False|Biweekly
00|N|N|False|CAT4|Individual Contributor|Non-Exempt|Exempt|ENG|JFG_ENG|Job Family Group ENG|Family ENG|IC1|Level IC1|JPC0189|This is the job description for Sales Executive. Responsible for key duties and responsibilities.|JP00189|Sales Executive|Summary: Sales Executive position|WID00000189|Sales Executive|MLI|Individual Contributor|Salary|True|True|MATRIX_ENG_IC1|False|False|Biweekly
00|N|N|False|CAT5|Senior Manager|Non-Exempt|Exempt|SAL|JFG_SAL|Job Family Group SAL|Family SAL|IC4|Level IC4|JPC0190|This is the job description for Marketing Manager. Responsible for key duties and responsibilities.|JP00190|Marketing Manager|Summary: Marketing Manager position|WID00000190|Marketing Manager|MLI|Individual Contributor|Hourly|False|False|MATRIX_SAL_IC4|False|False|Biweekly
00|Y|Y|False|CAT1|Individual Contributor|Non-Exempt|Non-Exempt|SAL|JFG_SAL|Job Family Group SAL|Family SAL|IC4|Level IC4|JPC0191|This is the job description for Business Analyst. Responsible for key duties and responsibilities.|JP00191|Business Analyst|Summary: Business Analyst position|WID00000191|Business Analyst|MLI|Individual Contributor|Hourly|False|True|MATRIX_SAL_IC4|False|False|Biweekly
00|N|N|False|CAT2|Executive|Exempt|Exempt|ENG|JFG_ENG|Job Family Group ENG|Family ENG|IC3|Level IC3|JPC0192|This is the job description for Data Analyst. Responsible for key duties and responsibilities.|JP00192|Data Analyst|Summary: Data Analyst position|WID00000192|Data Analyst|MLI|Individual Contributor|Salary|True|False|MATRIX_ENG_IC3|False|False|Biweekly
00|N|Y|False|CAT3|Manager|Non-Exempt|Exempt|OPS|JFG_OPS|Job Family Group OPS|Family OPS|IC1|Level IC1|JPC0193|This is the job description for Security Analyst. Responsible for key duties and responsibilities.|JP00193|Security Analyst|Summary: Security Analyst position|WID00000193|Security Analyst|MLI|Individual Contributor|Salary|True|False|MATRIX_OPS_IC1|False|False|Biweekly
00|Y|N|False|CAT4|Executive|Non-Exempt|Non-Exempt|FIN|JFG_FIN|Job Family Group FIN|Family FIN|IC5|Level IC5|JPC0194|This is the job description for Project Manager. Responsible for key duties and responsibilities.|JP00194|Project Manager|Summary: Project Manager position|WID00000194|Project Manager|MLI|Individual Contributor|Salary|True|False|MATRIX_FIN_IC5|False|False|Biweekly
00|Y|N|False|CAT5|Executive|Non-Exempt|Non-Exempt|ENG|JFG_ENG|Job Family Group ENG|Family ENG|IC2|Level IC2|JPC0195|This is the job description for Finance Manager. Responsible for key duties and responsibilities.|JP00195|Finance Manager|Summary: Finance Manager position|WID00000195|Finance Manager|MLI|Individual Contributor|Salary|False|False|MATRIX_ENG_IC2|False|False|Biweekly
00|N|N|False|CAT1|Manager|Non-Exempt|Exempt|IT|JFG_IT|Job Family Group IT|Family IT|IC4|Level IC4|JPC0196|This is the job description for Accountant. Responsible for key duties and responsibilities.|JP00196|Accountant|Summary: Accountant position|WID00000196|Accountant|MLI|Individual Contributor|Hourly|True|True|MATRIX_IT_IC4|False|False|Biweekly
00|Y|N|False|CAT2|Senior Manager|Non-Exempt|Exempt|FIN|JFG_FIN|Job Family Group FIN|Family FIN|IC5|Level IC5|JPC0197|This is the job description for Project Manager. Responsible for key duties and responsibilities.|JP00197|Project Manager|Summary: Project Manager position|WID00000197|Project Manager|MLI|Individual Contributor|Salary|True|False|MATRIX_FIN_IC5|False|False|Biweekly
00|Y|Y|False|CAT3|Director|Non-Exempt|Non-Exempt|IT|JFG_IT|Job Family Group IT|Family IT|M1|Level M1|JPC0198|This is the job description for System Administrator. Responsible for key duties and responsibilities.|JP00198|System Administrator|Summary: System Administrator position|WID00000198|System Administrator|MLM|Manager|Salary|True|True|MATRIX_IT_M1|False|True|Biweekly
00|N|Y|False|CAT4|Senior Manager|Non-Exempt|Non-Exempt|MKTG|JFG_MKTG|Job Family Group MKTG|Family MKTG|M4|Level M4|JPC0199|This is the job description for Data Analyst. Responsible for key duties and responsibilities.|JP00199|Data Analyst|Summary: Data Analyst position|WID00000199|Data Analyst|MLM|Manager|Salary|True|True|MATRIX_MKTG_M4|True|True|Biweekly
00|N|N|False|CAT5|Director|Exempt|Exempt|LEGAL|JFG_LEGAL|Job Family Group LEGAL|Family LEGAL|IC3|Level IC3|JPC0200|This is the job description for Project Manager. Responsible for key duties and responsibilities.|JP00200|Project Manager|Summary: Project Manager position|WID00000200|Project Manager|MLI|Individual Contributor|Salary|False|False|MATRIX_LEGAL_IC3|False|False|Biweekly
