Job_Profile_ID,Job_Profile_WID,Compensation_Grade,Critical_Job_Flag,Difficult_to_Fill_Flag,Inactive_Flag,Job_Category_Code,Job_Category_Name,Job_Exempt_Canada,Job_Exempt_US,Job_Family,Job_Family_Group,Job_Family_Group_Name,Job_Family_Name,Job_Level_Code,Job_Level_Name,Job_Profile_Code,Job_Profile_Description,Job_Profile_Name,Job_Profile_Summary,Job_Title,Management_Level_Code,Management_Level_Name,Pay_Rate_Type,Public_Job,Work_Shift_Required,JOB_MATRIX,IS_PEOPLE_MANAGER,IS_MANAGER,FREQUENCY
JP_0001,10a92b1afd77cabfc8fa175c34c2362e,G04,N,N,0,JC_Individual_Contributor,Individual Contributor,Non-Exempt,Exempt,FN_TECH,JFG_TECH,Technology,Technology,G04,Associate,JPC_0001,Responsible for software engineer functions within Technology.,Software Engineer,Software Engineer - Technology,Software Engineer,MLH_Professional,Professional,Salary,1,0,JFG_TECH,0,0,Annual
JP_0002,65f427295e5e3ad63e16e47dcdaf9508,G09,N,N,0,JC_Individual_Contributor,Individual Contributor,Non-Exempt,Non-Exempt,FN_TECH,JFG_TECH,Technology,Technology,G09,Director,JPC_0002,Responsible for senior software engineer functions within Technology.,Senior Software Engineer,Senior Software Engineer - Technology,Senior Software Engineer,MLH_Senior_Leadership,Senior Leadership,Salary,1,0,JFG_TECH,0,1,Annual
JP_0003,92187e2e0e0a9d261fc7c7fe6b6472ef,G01,N,N,0,JC_Individual_Contributor,Individual Contributor,Exempt,Non-Exempt,FN_TECH,JFG_TECH,Technology,Technology,G01,Analyst I,JPC_0003,Responsible for staff engineer functions within Technology.,Staff Engineer,Staff Engineer - Technology,Staff Engineer,MLH_Professional,Professional,Salary,1,0,JFG_TECH,0,0,Annual
JP_0004,6b07cad9f96f36ae80078ba5eceb2699,G03,N,N,0,JC_Individual_Contributor,Individual Contributor,Non-Exempt,Non-Exempt,FN_TECH,JFG_TECH,Technology,Technology,G03,Senior Analyst,JPC_0004,Responsible for data engineer functions within Technology.,Data Engineer,Data Engineer - Technology,Data Engineer,MLH_Professional,Professional,Salary,1,0,JFG_TECH,0,0,Annual
JP_0005,b97bf1d5a428e9688f5db9fb6b376e6e,G02,N,N,0,JC_Individual_Contributor,Individual Contributor,Non-Exempt,Non-Exempt,FN_TECH,JFG_TECH,Technology,Technology,G02,Analyst II,JPC_0005,Responsible for data scientist functions within Technology.,Data Scientist,Data Scientist - Technology,Data Scientist,MLH_Professional,Professional,Salary,1,0,JFG_TECH,0,0,Annual
JP_0006,8300a4927d64f74253e8876cb8c9778f,G04,N,N,0,JC_Individual_Contributor,Individual Contributor,Non-Exempt,Non-Exempt,FN_TECH,JFG_TECH,Technology,Technology,G04,Associate,JPC_0006,Responsible for cloud architect functions within Technology.,Cloud Architect,Cloud Architect - Technology,Cloud Architect,MLH_Professional,Professional,Salary,1,0,JFG_TECH,0,0,Annual
JP_0007,b030bdcc06e9ab6527b122b17031c8c3,G03,N,N,0,JC_Individual_Contributor,Individual Contributor,Non-Exempt,Exempt,FN_TECH,JFG_TECH,Technology,Technology,G03,Senior Analyst,JPC_0007,Responsible for devops engineer functions within Technology.,DevOps Engineer,DevOps Engineer - Technology,DevOps Engineer,MLH_Professional,Professional,Salary,1,0,JFG_TECH,0,0,Annual
JP_0008,fb571350a12da8f46c5bcfa1ef4844a5,G05,N,N,0,JC_Individual_Contributor,Individual Contributor,Non-Exempt,Exempt,FN_TECH,JFG_TECH,Technology,Technology,G05,Senior Associate,JPC_0008,Responsible for qa engineer functions within Technology.,QA Engineer,QA Engineer - Technology,QA Engineer,MLH_Professional,Professional,Salary,1,0,JFG_TECH,0,0,Annual
JP_0009,a2935a97f6ba4138627f8145f348cb00,G05,N,N,0,JC_Individual_Contributor,Individual Contributor,Non-Exempt,Non-Exempt,FN_TECH,JFG_TECH,Technology,Technology,G05,Senior Associate,JPC_0009,Responsible for it support specialist functions within Technology.,IT Support Specialist,IT Support Specialist - Technology,IT Support Specialist,MLH_Professional,Professional,Salary,1,0,JFG_TECH,0,0,Annual
JP_0010,9e157898b5c53519322ac799e2ebaec5,G04,N,Y,0,JC_Individual_Contributor,Individual Contributor,Non-Exempt,Non-Exempt,FN_TECH,JFG_TECH,Technology,Technology,G04,Associate,JPC_0010,Responsible for cybersecurity analyst functions within Technology.,Cybersecurity Analyst,Cybersecurity Analyst - Technology,Cybersecurity Analyst,MLH_Professional,Professional,Salary,1,0,JFG_TECH,0,0,Annual
JP_0011,860c920107f3be319f1ff4d3895a9b52,G05,N,Y,0,JC_Individual_Contributor,Individual Contributor,Non-Exempt,Non-Exempt,FN_TECH,JFG_TECH,Technology,Technology,G05,Senior Associate,JPC_0011,Responsible for solutions architect functions within Technology.,Solutions Architect,Solutions Architect - Technology,Solutions Architect,MLH_Professional,Professional,Salary,1,0,JFG_TECH,0,0,Annual
JP_0012,2afd3160f80f0a6308455ab561a26051,G08,N,N,0,JC_People_Manager,People Manager,Exempt,Non-Exempt,FN_TECH,JFG_TECH,Technology,Technology,G08,Associate Director,JPC_0012,Responsible for product manager - tech functions within Technology.,Product Manager - Tech,Product Manager - Tech - Technology,Product Manager - Tech,MLH_Senior_Management,Senior Management,Salary,1,0,JFG_TECH,1,1,Annual
JP_0013,bf7fefca429e572314ee578443f6ee34,G09,N,N,0,JC_People_Manager,People Manager,Exempt,Exempt,FN_TECH,JFG_TECH,Technology,Technology,G09,Director,JPC_0013,Responsible for technical project manager functions within Technology.,Technical Project Manager,Technical Project Manager - Technology,Technical Project Manager,MLH_Senior_Leadership,Senior Leadership,Salary,1,0,JFG_TECH,1,1,Annual
JP_0014,e421782d1f3136c01c0e5db1fbba2d86,G04,N,N,0,JC_Individual_Contributor,Individual Contributor,Exempt,Non-Exempt,FN_TECH,JFG_TECH,Technology,Technology,G04,Associate,JPC_0014,Responsible for database administrator functions within Technology.,Database Administrator,Database Administrator - Technology,Database Administrator,MLH_Professional,Professional,Salary,1,0,JFG_TECH,0,0,Annual
JP_0015,ac23794934c1d78f5c07a1dc78ab20f9,G01,N,N,0,JC_Individual_Contributor,Individual Contributor,Non-Exempt,Non-Exempt,FN_TECH,JFG_TECH,Technology,Technology,G01,Analyst I,JPC_0015,Responsible for network engineer functions within Technology.,Network Engineer,Network Engineer - Technology,Network Engineer,MLH_Professional,Professional,Salary,1,0,JFG_TECH,0,0,Annual
JP_0016,3eac739ccb4f4af7527e73d404652fe6,G02,N,N,0,JC_Individual_Contributor,Individual Contributor,Non-Exempt,Exempt,FN_TECH,JFG_TECH,Technology,Technology,G02,Analyst II,JPC_0016,Responsible for systems administrator functions within Technology.,Systems Administrator,Systems Administrator - Technology,Systems Administrator,MLH_Professional,Professional,Salary,1,0,JFG_TECH,0,0,Annual
JP_0017,03685730a074bf8e82bd0b2dcddd80b1,G04,Y,N,0,JC_Individual_Contributor,Individual Contributor,Non-Exempt,Exempt,FN_TECH,JFG_TECH,Technology,Technology,G04,Associate,JPC_0017,Responsible for business intelligence analyst functions within Technology.,Business Intelligence Analyst,Business Intelligence Analyst - Technology,Business Intelligence Analyst,MLH_Professional,Professional,Salary,1,0,JFG_TECH,0,0,Annual
JP_0018,6bc76b25c491a1d2ffc900b59e87b100,G06,N,Y,0,JC_Individual_Contributor,Individual Contributor,Exempt,Exempt,FN_FIN,JFG_FIN,Finance & Accounting,Finance,G06,Manager,JPC_0018,Responsible for financial analyst functions within Finance.,Financial Analyst,Financial Analyst - Finance,Financial Analyst,MLH_Professional,Professional,Salary,1,0,JFG_FIN,0,0,Annual
JP_0019,e7852143d5850e80904594806e9f35e9,G06,Y,N,0,JC_Individual_Contributor,Individual Contributor,Non-Exempt,Non-Exempt,FN_FIN,JFG_FIN,Finance & Accounting,Finance,G06,Manager,JPC_0019,Responsible for senior financial analyst functions within Finance.,Senior Financial Analyst,Senior Financial Analyst - Finance,Senior Financial Analyst,MLH_Management,Management,Salary,1,0,JFG_FIN,0,1,Annual
JP_0020,6dd895d2a03ce65e8d06e32e7d65fb92,G01,Y,N,0,JC_Individual_Contributor,Individual Contributor,Exempt,Exempt,FN_FIN,JFG_FIN,Finance & Accounting,Finance,G01,Analyst I,JPC_0020,Responsible for accountant functions within Finance.,Accountant,Accountant - Finance,Accountant,MLH_Professional,Professional,Salary,1,0,JFG_FIN,0,0,Annual
JP_0021,aba909c46694ef9b90b4455e5cb22e45,G10,N,N,0,JC_Individual_Contributor,Individual Contributor,Exempt,Exempt,FN_FIN,JFG_FIN,Finance & Accounting,Finance,G10,Senior Director,JPC_0021,Responsible for senior accountant functions within Finance.,Senior Accountant,Senior Accountant - Finance,Senior Accountant,MLH_Senior_Leadership,Senior Leadership,Salary,1,0,JFG_FIN,0,1,Annual
JP_0022,1ec78126698aed50a647c00497f521a1,G05,N,Y,0,JC_Individual_Contributor,Individual Contributor,Non-Exempt,Non-Exempt,FN_FIN,JFG_FIN,Finance & Accounting,Finance,G05,Senior Associate,JPC_0022,Responsible for controller functions within Finance.,Controller,Controller - Finance,Controller,MLH_Professional,Professional,Salary,1,0,JFG_FIN,0,0,Annual
JP_0023,e56f37820d78a926b46df3b9c7b5a5e6,G06,Y,N,0,JC_Individual_Contributor,Individual Contributor,Non-Exempt,Exempt,FN_FIN,JFG_FIN,Finance & Accounting,Finance,G06,Manager,JPC_0023,Responsible for treasury analyst functions within Finance.,Treasury Analyst,Treasury Analyst - Finance,Treasury Analyst,MLH_Professional,Professional,Salary,1,0,JFG_FIN,0,0,Annual
JP_0024,bbc0f1a3bc0d6ca77ad8a009a092f2b4,G04,N,N,0,JC_Individual_Contributor,Individual Contributor,Exempt,Non-Exempt,FN_FIN,JFG_FIN,Finance & Accounting,Finance,G04,Associate,JPC_0024,Responsible for tax specialist functions within Finance.,Tax Specialist,Tax Specialist - Finance,Tax Specialist,MLH_Professional,Professional,Salary,1,0,JFG_FIN,0,0,Annual
JP_0025,0ed0f30214df840e8fd44aaa1a8a227e,G05,N,N,0,JC_Individual_Contributor,Individual Contributor,Non-Exempt,Non-Exempt,FN_FIN,JFG_FIN,Finance & Accounting,Finance,G05,Senior Associate,JPC_0025,Responsible for audit analyst functions within Finance.,Audit Analyst,Audit Analyst - Finance,Audit Analyst,MLH_Professional,Professional,Salary,1,0,JFG_FIN,0,0,Annual
JP_0026,e0cabe61b5002a39aab9831e8a2b66bf,G02,N,N,0,JC_Individual_Contributor,Individual Contributor,Non-Exempt,Exempt,FN_FIN,JFG_FIN,Finance & Accounting,Finance,G02,Analyst II,JPC_0026,Responsible for financial planning analyst functions within Finance.,Financial Planning Analyst,Financial Planning Analyst - Finance,Financial Planning Analyst,MLH_Professional,Professional,Salary,1,0,JFG_FIN,0,0,Annual
JP_0027,2cf1bfb2eb9872612f8bf9a2bbb814a9,G06,N,N,0,JC_Individual_Contributor,Individual Contributor,Exempt,Exempt,FN_FIN,JFG_FIN,Finance & Accounting,Finance,G06,Manager,JPC_0027,Responsible for accounts payable specialist functions within Finance.,Accounts Payable Specialist,Accounts Payable Specialist - Finance,Accounts Payable Specialist,MLH_Professional,Professional,Salary,1,0,JFG_FIN,0,0,Annual
JP_0028,e2d0bb69bcb162970271800dc7cacdef,G03,N,N,0,JC_Individual_Contributor,Individual Contributor,Exempt,Non-Exempt,FN_RISK,JFG_RISK,Risk & Compliance,Risk Management,G03,Senior Analyst,JPC_0028,Responsible for risk analyst functions within Risk Management.,Risk Analyst,Risk Analyst - Risk Management,Risk Analyst,MLH_Professional,Professional,Salary,1,0,JFG_RISK,0,0,Annual
JP_0029,3eaa1a9eb063bee5d4ee3dbcbdfb146f,G06,N,Y,0,JC_Individual_Contributor,Individual Contributor,Non-Exempt,Exempt,FN_RISK,JFG_RISK,Risk & Compliance,Risk Management,G06,Manager,JPC_0029,Responsible for senior risk analyst functions within Risk Management.,Senior Risk Analyst,Senior Risk Analyst - Risk Management,Senior Risk Analyst,MLH_Management,Management,Salary,1,0,JFG_RISK,0,1,Annual
JP_0030,8964742f1427da6c7c4bd56ec50b9f58,G05,Y,N,0,JC_Individual_Contributor,Individual Contributor,Exempt,Non-Exempt,FN_RISK,JFG_RISK,Risk & Compliance,Risk Management,G05,Senior Associate,JPC_0030,Responsible for credit risk analyst functions within Risk Management.,Credit Risk Analyst,Credit Risk Analyst - Risk Management,Credit Risk Analyst,MLH_Professional,Professional,Salary,1,0,JFG_RISK,0,0,Annual
JP_0031,39db9d6640ceff899bca4fc583d1674f,G05,N,N,0,JC_Individual_Contributor,Individual Contributor,Exempt,Exempt,FN_RISK,JFG_RISK,Risk & Compliance,Risk Management,G05,Senior Associate,JPC_0031,Responsible for market risk analyst functions within Risk Management.,Market Risk Analyst,Market Risk Analyst - Risk Management,Market Risk Analyst,MLH_Professional,Professional,Salary,1,0,JFG_RISK,0,0,Annual
JP_0032,ce7c927bb85f3821d52d06185c5e6d5b,G06,N,N,0,JC_Individual_Contributor,Individual Contributor,Non-Exempt,Exempt,FN_RISK,JFG_RISK,Risk & Compliance,Risk Management,G06,Manager,JPC_0032,Responsible for operational risk analyst functions within Risk Management.,Operational Risk Analyst,Operational Risk Analyst - Risk Management,Operational Risk Analyst,MLH_Professional,Professional,Salary,1,0,JFG_RISK,0,0,Annual
JP_0033,056312c8ea56320db57d1f40776e9686,G02,Y,N,0,JC_Individual_Contributor,Individual Contributor,Exempt,Non-Exempt,FN_RISK,JFG_RISK,Risk & Compliance,Risk Management,G02,Analyst II,JPC_0033,Responsible for compliance analyst functions within Risk Management.,Compliance Analyst,Compliance Analyst - Risk Management,Compliance Analyst,MLH_Professional,Professional,Salary,1,0,JFG_RISK,0,0,Annual
JP_0034,e55bfd9c3df26c813ae62f491a0551c4,G01,N,N,0,JC_Individual_Contributor,Individual Contributor,Non-Exempt,Non-Exempt,FN_RISK,JFG_RISK,Risk & Compliance,Risk Management,G01,Analyst I,JPC_0034,Responsible for aml analyst functions within Risk Management.,AML Analyst,AML Analyst - Risk Management,AML Analyst,MLH_Professional,Professional,Salary,1,0,JFG_RISK,0,0,Annual
JP_0035,2aad99444f70a4985641accd08a05d96,G04,N,Y,0,JC_Individual_Contributor,Individual Contributor,Non-Exempt,Non-Exempt,FN_RISK,JFG_RISK,Risk & Compliance,Risk Management,G04,Associate,JPC_0035,Responsible for regulatory affairs specialist functions within Risk Management.,Regulatory Affairs Specialist,Regulatory Affairs Specialist - Risk Management,Regulatory Affairs Specialist,MLH_Professional,Professional,Salary,1,0,JFG_RISK,0,0,Annual
JP_0036,4250206005b3ca79e434e385f81b946f,G07,N,Y,0,JC_People_Manager,People Manager,Exempt,Exempt,FN_RISK,JFG_RISK,Risk & Compliance,Risk Management,G07,Senior Manager,JPC_0036,Responsible for risk manager functions within Risk Management.,Risk Manager,Risk Manager - Risk Management,Risk Manager,MLH_Senior_Management,Senior Management,Salary,1,0,JFG_RISK,1,1,Annual
JP_0037,8306e5777e906861311fe7d000b4b519,G01,N,Y,0,JC_Individual_Contributor,Individual Contributor,Exempt,Exempt,FN_OPS,JFG_OPS,Operations,Operations,G01,Analyst I,JPC_0037,Responsible for operations analyst functions within Operations.,Operations Analyst,Operations Analyst - Operations,Operations Analyst,MLH_Professional,Professional,Salary,1,0,JFG_OPS,0,0,Annual
JP_0038,4d1ca438e153bc84f2c9759196c5f44d,G06,N,N,0,JC_Individual_Contributor,Individual Contributor,Non-Exempt,Non-Exempt,FN_OPS,JFG_OPS,Operations,Operations,G06,Manager,JPC_0038,Responsible for operations specialist functions within Operations.,Operations Specialist,Operations Specialist - Operations,Operations Specialist,MLH_Professional,Professional,Salary,1,0,JFG_OPS,0,0,Annual
JP_0039,99895d5d3a06f633447512cf952ab4a2,G03,N,N,0,JC_Individual_Contributor,Individual Contributor,Non-Exempt,Non-Exempt,FN_OPS,JFG_OPS,Operations,Operations,G03,Senior Analyst,JPC_0039,Responsible for trade operations analyst functions within Operations.,Trade Operations Analyst,Trade Operations Analyst - Operations,Trade Operations Analyst,MLH_Professional,Professional,Salary,1,0,JFG_OPS,0,0,Annual
JP_0040,fe08d5b353f534aaa08769b2958c0348,G03,N,N,0,JC_Individual_Contributor,Individual Contributor,Exempt,Exempt,FN_OPS,JFG_OPS,Operations,Operations,G03,Senior Analyst,JPC_0040,Responsible for settlement specialist functions within Operations.,Settlement Specialist,Settlement Specialist - Operations,Settlement Specialist,MLH_Professional,Professional,Salary,1,0,JFG_OPS,0,0,Annual
JP_0041,af88b7ca1d1c20484b00bb5125f24311,G04,N,N,0,JC_Individual_Contributor,Individual Contributor,Exempt,Non-Exempt,FN_OPS,JFG_OPS,Operations,Operations,G04,Associate,JPC_0041,Responsible for client services representative functions within Operations.,Client Services Representative,Client Services Representative - Operations,Client Services Representative,MLH_Professional,Professional,Salary,1,0,JFG_OPS,0,0,Annual
JP_0042,de70234306311665aea8954f83ae24ef,G11,Y,N,0,JC_People_Manager,People Manager,Non-Exempt,Exempt,FN_OPS,JFG_OPS,Operations,Operations,G11,Vice President,JPC_0042,Responsible for operations manager functions within Operations.,Operations Manager,Operations Manager - Operations,Operations Manager,MLH_Executive,Executive,Salary,1,0,JFG_OPS,1,1,Annual
JP_0043,4ac1cec7e5918e7f08191f6567ee84ec,G06,Y,N,0,JC_Individual_Contributor,Individual Contributor,Non-Exempt,Non-Exempt,FN_OPS,JFG_OPS,Operations,Operations,G06,Manager,JPC_0043,Responsible for process improvement analyst functions within Operations.,Process Improvement Analyst,Process Improvement Analyst - Operations,Process Improvement Analyst,MLH_Professional,Professional,Salary,1,0,JFG_OPS,0,0,Annual
JP_0044,246efb16d801b0030074a48c32f55d03,G06,N,Y,0,JC_People_Manager,People Manager,Exempt,Non-Exempt,FN_OPS,JFG_OPS,Operations,Operations,G06,Manager,JPC_0044,Responsible for project manager functions within Operations.,Project Manager,Project Manager - Operations,Project Manager,MLH_Management,Management,Salary,1,0,JFG_OPS,1,1,Annual
JP_0045,532df501d47a445191253817e1d4e9ef,G01,N,N,0,JC_Individual_Contributor,Individual Contributor,Non-Exempt,Exempt,FN_HR,JFG_HR,Human Resources,Human Resources,G01,Analyst I,JPC_0045,Responsible for hr business partner functions within Human Resources.,HR Business Partner,HR Business Partner - Human Resources,HR Business Partner,MLH_Professional,Professional,Salary,1,0,JFG_HR,0,0,Annual
JP_0046,d154cd731683347975d411d8691e1328,G01,N,N,0,JC_Individual_Contributor,Individual Contributor,Exempt,Exempt,FN_HR,JFG_HR,Human Resources,Human Resources,G01,Analyst I,JPC_0046,Responsible for recruiter functions within Human Resources.,Recruiter,Recruiter - Human Resources,Recruiter,MLH_Professional,Professional,Salary,1,0,JFG_HR,0,0,Annual
JP_0047,b208a64dc55ec5c2fa466e50006ebe6e,G06,N,N,0,JC_Individual_Contributor,Individual Contributor,Exempt,Non-Exempt,FN_HR,JFG_HR,Human Resources,Human Resources,G06,Manager,JPC_0047,Responsible for senior recruiter functions within Human Resources.,Senior Recruiter,Senior Recruiter - Human Resources,Senior Recruiter,MLH_Management,Management,Salary,1,0,JFG_HR,0,1,Annual
JP_0048,da6e0799f992a2ac1405cb0b3a2e8f87,G04,N,N,0,JC_Individual_Contributor,Individual Contributor,Non-Exempt,Exempt,FN_HR,JFG_HR,Human Resources,Human Resources,G04,Associate,JPC_0048,Responsible for compensation analyst functions within Human Resources.,Compensation Analyst,Compensation Analyst - Human Resources,Compensation Analyst,MLH_Professional,Professional,Salary,1,0,JFG_HR,0,0,Annual
JP_0049,9785099396f706cfd78b806351a61952,G03,N,N,0,JC_Individual_Contributor,Individual Contributor,Exempt,Exempt,FN_HR,JFG_HR,Human Resources,Human Resources,G03,Senior Analyst,JPC_0049,Responsible for benefits specialist functions within Human Resources.,Benefits Specialist,Benefits Specialist - Human Resources,Benefits Specialist,MLH_Professional,Professional,Salary,1,0,JFG_HR,0,0,Annual
JP_0050,24c249deb80b377c7719e96961c7fac3,G01,N,N,0,JC_Individual_Contributor,Individual Contributor,Exempt,Exempt,FN_HR,JFG_HR,Human Resources,Human Resources,G01,Analyst I,JPC_0050,Responsible for hris analyst functions within Human Resources.,HRIS Analyst,HRIS Analyst - Human Resources,HRIS Analyst,MLH_Professional,Professional,Salary,1,0,JFG_HR,0,0,Annual
JP_0051,92ca45cd37ea4fe20e4b17fa73355df7,G05,N,N,0,JC_Individual_Contributor,Individual Contributor,Exempt,Non-Exempt,FN_HR,JFG_HR,Human Resources,Human Resources,G05,Senior Associate,JPC_0051,Responsible for learning & development specialist functions within Human Resources.,Learning & Development Specialist,Learning & Development Specialist - Human Resources,Learning & Development Specialist,MLH_Professional,Professional,Salary,1,0,JFG_HR,0,0,Annual
JP_0052,67962dae1fdba629c5aca772721d2d7d,G05,N,N,0,JC_Individual_Contributor,Individual Contributor,Non-Exempt,Non-Exempt,FN_HR,JFG_HR,Human Resources,Human Resources,G05,Senior Associate,JPC_0052,Responsible for employee relations specialist functions within Human Resources.,Employee Relations Specialist,Employee Relations Specialist - Human Resources,Employee Relations Specialist,MLH_Professional,Professional,Salary,1,0,JFG_HR,0,0,Annual
JP_0053,aa8f8c849e26c694567776439beb218a,G03,N,N,0,JC_Individual_Contributor,Individual Contributor,Non-Exempt,Non-Exempt,FN_LEGAL,JFG_LEGAL,Legal & Compliance,Legal,G03,Senior Analyst,JPC_0053,Responsible for corporate counsel functions within Legal.,Corporate Counsel,Corporate Counsel - Legal,Corporate Counsel,MLH_Professional,Professional,Salary,1,0,JFG_LEGAL,0,0,Annual
JP_0054,ad3d7e8fb8915ea1526be03d21f37787,G03,Y,N,0,JC_Individual_Contributor,Individual Contributor,Non-Exempt,Exempt,FN_LEGAL,JFG_LEGAL,Legal & Compliance,Legal,G03,Senior Analyst,JPC_0054,Responsible for paralegal functions within Legal.,Paralegal,Paralegal - Legal,Paralegal,MLH_Professional,Professional,Salary,1,0,JFG_LEGAL,0,0,Annual
JP_0055,0c59e942b62aa20d9d73e5d440b08d69,G03,Y,Y,0,JC_Individual_Contributor,Individual Contributor,Exempt,Exempt,FN_LEGAL,JFG_LEGAL,Legal & Compliance,Legal,G03,Senior Analyst,JPC_0055,Responsible for legal analyst functions within Legal.,Legal Analyst,Legal Analyst - Legal,Legal Analyst,MLH_Professional,Professional,Salary,1,0,JFG_LEGAL,0,0,Annual
JP_0056,a331b132e54783ddaee7fc5129fc2e83,G05,N,N,0,JC_Individual_Contributor,Individual Contributor,Exempt,Exempt,FN_LEGAL,JFG_LEGAL,Legal & Compliance,Legal,G05,Senior Associate,JPC_0056,Responsible for regulatory counsel functions within Legal.,Regulatory Counsel,Regulatory Counsel - Legal,Regulatory Counsel,MLH_Professional,Professional,Salary,1,0,JFG_LEGAL,0,0,Annual
JP_0057,82becdf0e272c630780486990da76f80,G06,N,N,0,JC_Individual_Contributor,Individual Contributor,Non-Exempt,Exempt,FN_LEGAL,JFG_LEGAL,Legal & Compliance,Legal,G06,Manager,JPC_0057,Responsible for contract specialist functions within Legal.,Contract Specialist,Contract Specialist - Legal,Contract Specialist,MLH_Professional,Professional,Salary,1,0,JFG_LEGAL,0,0,Annual
JP_0058,3bb1c511fb49001ee060e4b097741f6d,G10,N,N,0,JC_People_Manager,People Manager,Non-Exempt,Non-Exempt,FN_SALES,JFG_SALES,Sales & Client Relations,Sales & Advisory,G10,Senior Director,JPC_0058,Responsible for relationship manager functions within Sales & Advisory.,Relationship Manager,Relationship Manager - Sales & Advisory,Relationship Manager,MLH_Senior_Leadership,Senior Leadership,Salary,1,0,JFG_SALES,1,1,Annual
JP_0059,b8274415d96c33e08596cd872e8d2d10,G03,N,N,0,JC_Individual_Contributor,Individual Contributor,Exempt,Non-Exempt,FN_SALES,JFG_SALES,Sales & Client Relations,Sales & Advisory,G03,Senior Analyst,JPC_0059,Responsible for financial advisor functions within Sales & Advisory.,Financial Advisor,Financial Advisor - Sales & Advisory,Financial Advisor,MLH_Professional,Professional,Salary,1,0,JFG_SALES,0,0,Annual
JP_0060,84fa5206dd62686cbfb73f86cb2bde9d,G03,N,N,0,JC_Individual_Contributor,Individual Contributor,Non-Exempt,Exempt,FN_SALES,JFG_SALES,Sales & Client Relations,Sales & Advisory,G03,Senior Analyst,JPC_0060,Responsible for investment advisor functions within Sales & Advisory.,Investment Advisor,Investment Advisor - Sales & Advisory,Investment Advisor,MLH_Professional,Professional,Salary,1,0,JFG_SALES,0,0,Annual
JP_0061,3d3204d1906294d7a1db29c8df685a31,G04,N,N,0,JC_Individual_Contributor,Individual Contributor,Exempt,Exempt,FN_SALES,JFG_SALES,Sales & Client Relations,Sales & Advisory,G04,Associate,JPC_0061,Responsible for sales associate functions within Sales & Advisory.,Sales Associate,Sales Associate - Sales & Advisory,Sales Associate,MLH_Professional,Professional,Salary,1,0,JFG_SALES,0,0,Annual
JP_0062,561689df2908863b9c46c7d663a1709b,G06,N,N,0,JC_People_Manager,People Manager,Non-Exempt,Exempt,FN_SALES,JFG_SALES,Sales & Client Relations,Sales & Advisory,G06,Manager,JPC_0062,Responsible for client relationship manager functions within Sales & Advisory.,Client Relationship Manager,Client Relationship Manager - Sales & Advisory,Client Relationship Manager,MLH_Management,Management,Salary,1,0,JFG_SALES,1,1,Annual
JP_0063,e5d7123bf6b7e647380053bbd1076df3,G09,N,N,0,JC_People_Manager,People Manager,Exempt,Exempt,FN_SALES,JFG_SALES,Sales & Client Relations,Sales & Advisory,G09,Director,JPC_0063,Responsible for business development manager functions within Sales & Advisory.,Business Development Manager,Business Development Manager - Sales & Advisory,Business Development Manager,MLH_Senior_Leadership,Senior Leadership,Salary,1,0,JFG_SALES,1,1,Annual
JP_0064,eb9148b1236355e722de251f9fb25193,G02,N,Y,0,JC_Individual_Contributor,Individual Contributor,Non-Exempt,Non-Exempt,FN_SALES,JFG_SALES,Sales & Client Relations,Sales & Advisory,G02,Analyst II,JPC_0064,Responsible for private banker functions within Sales & Advisory.,Private Banker,Private Banker - Sales & Advisory,Private Banker,MLH_Professional,Professional,Salary,1,0,JFG_SALES,0,0,Annual
JP_0065,61dc367b3670528e51d35408febb3137,G01,N,Y,0,JC_Individual_Contributor,Individual Contributor,Exempt,Non-Exempt,FN_SALES,JFG_SALES,Sales & Client Relations,Sales & Advisory,G01,Analyst I,JPC_0065,Responsible for mortgage specialist functions within Sales & Advisory.,Mortgage Specialist,Mortgage Specialist - Sales & Advisory,Mortgage Specialist,MLH_Professional,Professional,Salary,1,0,JFG_SALES,0,0,Annual
JP_0066,916f0978d6852309522f0f494c0aa008,G04,N,N,0,JC_Individual_Contributor,Individual Contributor,Non-Exempt,Non-Exempt,FN_SALES,JFG_SALES,Sales & Client Relations,Sales & Advisory,G04,Associate,JPC_0066,Responsible for insurance advisor functions within Sales & Advisory.,Insurance Advisor,Insurance Advisor - Sales & Advisory,Insurance Advisor,MLH_Professional,Professional,Salary,1,0,JFG_SALES,0,0,Annual
JP_0067,dfc97f1242e01371e5f367012ce80b76,G05,N,N,0,JC_Individual_Contributor,Individual Contributor,Non-Exempt,Exempt,FN_SALES,JFG_SALES,Sales & Client Relations,Sales & Advisory,G05,Senior Associate,JPC_0067,Responsible for wealth advisor functions within Sales & Advisory.,Wealth Advisor,Wealth Advisor - Sales & Advisory,Wealth Advisor,MLH_Professional,Professional,Salary,1,0,JFG_SALES,0,0,Annual
JP_0068,aa1ab0726a71dba3fdd4c0da02cdbfa5,G03,Y,N,0,JC_Individual_Contributor,Individual Contributor,Exempt,Exempt,FN_MKT,JFG_MKT,Marketing,Marketing & Communications,G03,Senior Analyst,JPC_0068,Responsible for marketing analyst functions within Marketing & Communications.,Marketing Analyst,Marketing Analyst - Marketing & Communications,Marketing Analyst,MLH_Professional,Professional,Salary,1,0,JFG_MKT,0,0,Annual
JP_0069,294da5eab84174874d95d7a5bca39160,G11,N,Y,0,JC_People_Manager,People Manager,Non-Exempt,Exempt,FN_MKT,JFG_MKT,Marketing,Marketing & Communications,G11,Vice President,JPC_0069,Responsible for brand manager functions within Marketing & Communications.,Brand Manager,Brand Manager - Marketing & Communications,Brand Manager,MLH_Executive,Executive,Salary,1,0,JFG_MKT,1,1,Annual
JP_0070,ce6229bda7aa94ab5779879cfdf96e9c,G06,Y,N,0,JC_Individual_Contributor,Individual Contributor,Non-Exempt,Non-Exempt,FN_MKT,JFG_MKT,Marketing,Marketing & Communications,G06,Manager,JPC_0070,Responsible for digital marketing specialist functions within Marketing & Communications.,Digital Marketing Specialist,Digital Marketing Specialist - Marketing & Communications,Digital Marketing Specialist,MLH_Professional,Professional,Salary,1,0,JFG_MKT,0,0,Annual
JP_0071,ef1dcb251b23dd488cf3378e3a6efb2e,G05,N,Y,0,JC_Individual_Contributor,Individual Contributor,Exempt,Exempt,FN_MKT,JFG_MKT,Marketing,Marketing & Communications,G05,Senior Associate,JPC_0071,Responsible for communications specialist functions within Marketing & Communications.,Communications Specialist,Communications Specialist - Marketing & Communications,Communications Specialist,MLH_Professional,Professional,Salary,1,0,JFG_MKT,0,0,Annual
JP_0072,119e0ed47b5a57272d89cb3f90611110,G06,Y,N,0,JC_Individual_Contributor,Individual Contributor,Exempt,Exempt,FN_MKT,JFG_MKT,Marketing,Marketing & Communications,G06,Manager,JPC_0072,Responsible for content writer functions within Marketing & Communications.,Content Writer,Content Writer - Marketing & Communications,Content Writer,MLH_Professional,Professional,Salary,1,0,JFG_MKT,0,0,Annual
JP_0073,c14798f79242d6a75376037725cbda12,G15,Y,N,0,JC_Executive,Executive,Exempt,Non-Exempt,FN_EXEC,JFG_EXEC,Executive Leadership,Executive,G15,C-Suite,JPC_0073,Responsible for chief executive officer functions within Executive.,Chief Executive Officer,Chief Executive Officer - Executive,Chief Executive Officer,MLH_Group_Head,Group Head,Salary,1,0,JFG_EXEC,1,1,Annual
JP_0074,74646e3444c7f55a60f95e900fa44df0,G15,Y,N,0,JC_Executive,Executive,Non-Exempt,Exempt,FN_EXEC,JFG_EXEC,Executive Leadership,Executive,G15,C-Suite,JPC_0074,Responsible for chief financial officer functions within Executive.,Chief Financial Officer,Chief Financial Officer - Executive,Chief Financial Officer,MLH_Group_Head,Group Head,Salary,1,0,JFG_EXEC,1,1,Annual
JP_0075,7f8a1383a499e5402c5f01021d306717,G15,N,N,0,JC_Executive,Executive,Non-Exempt,Non-Exempt,FN_EXEC,JFG_EXEC,Executive Leadership,Executive,G15,C-Suite,JPC_0075,Responsible for chief technology officer functions within Executive.,Chief Technology Officer,Chief Technology Officer - Executive,Chief Technology Officer,MLH_Group_Head,Group Head,Salary,1,0,JFG_EXEC,1,1,Annual
JP_0076,28fde4e84798a7e153400efcec8c0561,G14,N,N,0,JC_Executive,Executive,Non-Exempt,Exempt,FN_EXEC,JFG_EXEC,Executive Leadership,Executive,G14,Managing Director,JPC_0076,Responsible for chief risk officer functions within Executive.,Chief Risk Officer,Chief Risk Officer - Executive,Chief Risk Officer,MLH_Group_Head,Group Head,Salary,1,0,JFG_EXEC,1,1,Annual
JP_0077,a2ee61d87a87e992c37303a8f1e7dfbf,G15,N,Y,0,JC_Executive,Executive,Exempt,Non-Exempt,FN_EXEC,JFG_EXEC,Executive Leadership,Executive,G15,C-Suite,JPC_0077,Responsible for chief operating officer functions within Executive.,Chief Operating Officer,Chief Operating Officer - Executive,Chief Operating Officer,MLH_Group_Head,Group Head,Salary,1,0,JFG_EXEC,1,1,Annual
JP_0078,447767d2f22b90c736ca4619c7b3bc68,G13,N,Y,0,JC_Executive,Executive,Non-Exempt,Exempt,FN_EXEC,JFG_EXEC,Executive Leadership,Executive,G13,Executive Vice President,JPC_0078,Responsible for chief human resources officer functions within Executive.,Chief Human Resources Officer,Chief Human Resources Officer - Executive,Chief Human Resources Officer,MLH_Group_Head,Group Head,Salary,1,0,JFG_EXEC,1,1,Annual
JP_0079,bbcfa2a62ddc564d5075381e3b3c0e48,G14,N,N,0,JC_Executive,Executive,Exempt,Non-Exempt,FN_EXEC,JFG_EXEC,Executive Leadership,Executive,G14,Managing Director,JPC_0079,Responsible for chief legal officer functions within Executive.,Chief Legal Officer,Chief Legal Officer - Executive,Chief Legal Officer,MLH_Group_Head,Group Head,Salary,1,0,JFG_EXEC,1,1,Annual
JP_0080,ef261149a772b84890803efdc505820b,G14,N,N,0,JC_Executive,Executive,Exempt,Non-Exempt,FN_EXEC,JFG_EXEC,Executive Leadership,Executive,G14,Managing Director,JPC_0080,Responsible for chief marketing officer functions within Executive.,Chief Marketing Officer,Chief Marketing Officer - Executive,Chief Marketing Officer,MLH_Group_Head,Group Head,Salary,1,0,JFG_EXEC,1,1,Annual
JP_0081,bd90db2ff91142f5f68f378cb2eadf2b,G04,N,N,0,JC_Individual_Contributor,Individual Contributor,Exempt,Non-Exempt,FN_ADMIN,JFG_ADMIN,Corporate Services,Administration,G04,Associate,JPC_0081,Responsible for executive assistant functions within Administration.,Executive Assistant,Executive Assistant - Administration,Executive Assistant,MLH_Professional,Professional,Salary,1,0,JFG_ADMIN,0,0,Annual
JP_0082,cb40dc89bdf6c35e4b6be4ecb64018b4,G02,N,N,0,JC_Individual_Contributor,Individual Contributor,Exempt,Exempt,FN_ADMIN,JFG_ADMIN,Corporate Services,Administration,G02,Analyst II,JPC_0082,Responsible for office administrator functions within Administration.,Office Administrator,Office Administrator - Administration,Office Administrator,MLH_Professional,Professional,Salary,1,0,JFG_ADMIN,0,0,Annual
JP_0083,7ca3ec0debd4426453bf82efa1b7aa5b,G03,Y,N,0,JC_Individual_Contributor,Individual Contributor,Exempt,Exempt,FN_ADMIN,JFG_ADMIN,Corporate Services,Administration,G03,Senior Analyst,JPC_0083,Responsible for facilities coordinator functions within Administration.,Facilities Coordinator,Facilities Coordinator - Administration,Facilities Coordinator,MLH_Professional,Professional,Salary,1,0,JFG_ADMIN,0,0,Annual
JP_0084,8b205d5213404fc5eb014827f1675b16,G02,N,N,0,JC_Individual_Contributor,Individual Contributor,Non-Exempt,Exempt,FN_ADMIN,JFG_ADMIN,Corporate Services,Administration,G02,Analyst II,JPC_0084,Responsible for receptionist functions within Administration.,Receptionist,Receptionist - Administration,Receptionist,MLH_Professional,Professional,Salary,1,0,JFG_ADMIN,0,0,Annual
JP_0085,3f2f75eb66cb3f64c599d70348aeb085,G06,N,N,0,JC_Individual_Contributor,Individual Contributor,Non-Exempt,Exempt,FN_ADMIN,JFG_ADMIN,Corporate Services,Administration,G06,Manager,JPC_0085,Responsible for administrative assistant functions within Administration.,Administrative Assistant,Administrative Assistant - Administration,Administrative Assistant,MLH_Professional,Professional,Salary,1,0,JFG_ADMIN,0,0,Annual
JP_0086,d9abaf99cc6790ff8d7fe5e9e5983f20,G07,N,N,0,JC_People_Manager,People Manager,Exempt,Non-Exempt,FN_ADMIN,JFG_ADMIN,Corporate Services,Administration,G07,Senior Manager,JPC_0086,Responsible for office manager functions within Administration.,Office Manager,Office Manager - Administration,Office Manager,MLH_Senior_Management,Senior Management,Salary,1,0,JFG_ADMIN,1,1,Annual
JP_0087,4739086b6a365005ae690cceb0ff54f4,G09,N,Y,0,JC_People_Manager,People Manager,Exempt,Non-Exempt,FN_INVEST,JFG_INVEST,Investment Management,Investments,G09,Director,JPC_0087,Responsible for portfolio manager functions within Investments.,Portfolio Manager,Portfolio Manager - Investments,Portfolio Manager,MLH_Senior_Leadership,Senior Leadership,Salary,1,0,JFG_INVEST,1,1,Annual
JP_0088,9290343b91a2b6044cc53aa1bbdb0e9e,G04,Y,Y,0,JC_Individual_Contributor,Individual Contributor,Non-Exempt,Non-Exempt,FN_INVEST,JFG_INVEST,Investment Management,Investments,G04,Associate,JPC_0088,Responsible for investment analyst functions within Investments.,Investment Analyst,Investment Analyst - Investments,Investment Analyst,MLH_Professional,Professional,Salary,1,0,JFG_INVEST,0,0,Annual
JP_0089,e0b2da12c6435fe4193924bd4a4e1f9b,G06,N,N,0,JC_Individual_Contributor,Individual Contributor,Non-Exempt,Exempt,FN_INVEST,JFG_INVEST,Investment Management,Investments,G06,Manager,JPC_0089,Responsible for research analyst functions within Investments.,Research Analyst,Research Analyst - Investments,Research Analyst,MLH_Professional,Professional,Salary,1,0,JFG_INVEST,0,0,Annual
JP_0090,67ba0ac5288ea0e6fae3e713fcbbecdf,G04,Y,Y,0,JC_Individual_Contributor,Individual Contributor,Exempt,Exempt,FN_INVEST,JFG_INVEST,Investment Management,Investments,G04,Associate,JPC_0090,Responsible for quantitative analyst functions within Investments.,Quantitative Analyst,Quantitative Analyst - Investments,Quantitative Analyst,MLH_Professional,Professional,Salary,1,0,JFG_INVEST,0,0,Annual
JP_0091,ef738592418d771f163a0560ab606bed,G01,N,N,0,JC_Individual_Contributor,Individual Contributor,Exempt,Non-Exempt,FN_INVEST,JFG_INVEST,Investment Management,Investments,G01,Analyst I,JPC_0091,Responsible for trader functions within Investments.,Trader,Trader - Investments,Trader,MLH_Professional,Professional,Salary,1,0,JFG_INVEST,0,0,Annual
JP_0092,c632d2a0b45c3833f4ed1660150b67c3,G05,N,N,0,JC_Individual_Contributor,Individual Contributor,Exempt,Non-Exempt,FN_INVEST,JFG_INVEST,Investment Management,Investments,G05,Senior Associate,JPC_0092,Responsible for fund accountant functions within Investments.,Fund Accountant,Fund Accountant - Investments,Fund Accountant,MLH_Professional,Professional,Salary,1,0,JFG_INVEST,0,0,Annual
JP_0093,2de2f90bab31fdbff78228b09f8fe72f,G01,Y,N,0,JC_Individual_Contributor,Individual Contributor,Non-Exempt,Exempt,FN_INVEST,JFG_INVEST,Investment Management,Investments,G01,Analyst I,JPC_0093,Responsible for performance analyst functions within Investments.,Performance Analyst,Performance Analyst - Investments,Performance Analyst,MLH_Professional,Professional,Salary,1,0,JFG_INVEST,0,0,Annual
JP_0094,5ff5d84c202c42aad0a0d8742130d6e0,G06,N,N,0,JC_Individual_Contributor,Individual Contributor,Non-Exempt,Non-Exempt,FN_INVEST,JFG_INVEST,Investment Management,Investments,G06,Manager,JPC_0094,Responsible for esg analyst functions within Investments.,ESG Analyst,ESG Analyst - Investments,ESG Analyst,MLH_Professional,Professional,Salary,1,0,JFG_INVEST,0,0,Annual
