Compensation_Grade,Critical_Job_Flag,Difficult_to_Fill_Flag,Inactive_Flag,Job_Category_Code,Job_Category_Name,Job_Exempt_Canada,Job_Exempt_US,Job_Family,Job_Family_Group,Job_Family_Group_Name,Job_Family_Name,Job_Level_Code,Job_Level_Name,Job_Profile_Code,Job_Profile_Description,Job_Profile_ID,Job_Profile_Name,Job_Profile_Summary,Job_Profile_WID,Job_Title,Management_Level_Code,Management_Level_Name,Pay_Rate_Type,Public_Job,Work_Shift_Required,JOB_MATRIX,IS_PEOPLE_MANAGER,IS_MANAGER,FREQUENCY
G04,N,N,0,JC_Individual_Contributor,Individual Contributor,Non-Exempt,Exempt,FN_TECH,JFG_TECH,Technology,Technology,G04,Associate,JPC_0001,Responsible for software engineer functions within Technology.,JP_0001,Software Engineer,Software Engineer - Technology,10a92b1afd77cabfc8fa175c34c2362e,Software Engineer,MLH_Professional,Professional,Salary,1,0,JFG_TECH,0,0,Annual
G09,N,N,0,JC_Individual_Contributor,Individual Contributor,Non-Exempt,Non-Exempt,FN_TECH,JFG_TECH,Technology,Technology,G09,Director,JPC_0002,Responsible for senior software engineer functions within Technology.,JP_0002,Senior Software Engineer,Senior Software Engineer - Technology,65f427295e5e3ad63e16e47dcdaf9508,Senior Software Engineer,MLH_Senior_Leadership,Senior Leadership,Salary,1,0,JFG_TECH,0,1,Annual
G01,N,N,0,JC_Individual_Contributor,Individual Contributor,Exempt,Non-Exempt,FN_TECH,JFG_TECH,Technology,Technology,G01,Analyst I,JPC_0003,Responsible for staff engineer functions within Technology.,JP_0003,Staff Engineer,Staff Engineer - Technology,92187e2e0e0a9d261fc7c7fe6b6472ef,Staff Engineer,MLH_Professional,Professional,Salary,1,0,JFG_TECH,0,0,Annual
G03,N,N,0,JC_Individual_Contributor,Individual Contributor,Non-Exempt,Non-Exempt,FN_TECH,JFG_TECH,Technology,Technology,G03,Senior Analyst,JPC_0004,Responsible for data engineer functions within Technology.,JP_0004,Data Engineer,Data Engineer - Technology,6b07cad9f96f36ae80078ba5eceb2699,Data Engineer,MLH_Professional,Professional,Salary,1,0,JFG_TECH,0,0,Annual
G02,N,N,0,JC_Individual_Contributor,Individual Contributor,Non-Exempt,Non-Exempt,FN_TECH,JFG_TECH,Technology,Technology,G02,Analyst II,JPC_0005,Responsible for data scientist functions within Technology.,JP_0005,Data Scientist,Data Scientist - Technology,b97bf1d5a428e9688f5db9fb6b376e6e,Data Scientist,MLH_Professional,Professional,Salary,1,0,JFG_TECH,0,0,Annual
G04,N,N,0,JC_Individual_Contributor,Individual Contributor,Non-Exempt,Non-Exempt,FN_TECH,JFG_TECH,Technology,Technology,G04,Associate,JPC_0006,Responsible for cloud architect functions within Technology.,JP_0006,Cloud Architect,Cloud Architect - Technology,8300a4927d64f74253e8876cb8c9778f,Cloud Architect,MLH_Professional,Professional,Salary,1,0,JFG_TECH,0,0,Annual
G03,N,N,0,JC_Individual_Contributor,Individual Contributor,Non-Exempt,Exempt,FN_TECH,JFG_TECH,Technology,Technology,G03,Senior Analyst,JPC_0007,Responsible for devops engineer functions within Technology.,JP_0007,DevOps Engineer,DevOps Engineer - Technology,b030bdcc06e9ab6527b122b17031c8c3,DevOps Engineer,MLH_Professional,Professional,Salary,1,0,JFG_TECH,0,0,Annual
G05,N,N,0,JC_Individual_Contributor,Individual Contributor,Non-Exempt,Exempt,FN_TECH,JFG_TECH,Technology,Technology,G05,Senior Associate,JPC_0008,Responsible for qa engineer functions within Technology.,JP_0008,QA Engineer,QA Engineer - Technology,fb571350a12da8f46c5bcfa1ef4844a5,QA Engineer,MLH_Professional,Professional,Salary,1,0,JFG_TECH,0,0,Annual
G05,N,N,0,JC_Individual_Contributor,Individual Contributor,Non-Exempt,Non-Exempt,FN_TECH,JFG_TECH,Technology,Technology,G05,Senior Associate,JPC_0009,Responsible for it support specialist functions within Technology.,JP_0009,IT Support Specialist,IT Support Specialist - Technology,a2935a97f6ba4138627f8145f348cb00,IT Support Specialist,MLH_Professional,Professional,Salary,1,0,JFG_TECH,0,0,Annual
G04,N,Y,0,JC_Individual_Contributor,Individual Contributor,Non-Exempt,Non-Exempt,FN_TECH,JFG_TECH,Technology,Technology,G04,Associate,JPC_0010,Responsible for cybersecurity analyst functions within Technology.,JP_0010,Cybersecurity Analyst,Cybersecurity Analyst - Technology,9e157898b5c53519322ac799e2ebaec5,Cybersecurity Analyst,MLH_Professional,Professional,Salary,1,0,JFG_TECH,0,0,Annual
G05,N,Y,0,JC_Individual_Contributor,Individual Contributor,Non-Exempt,Non-Exempt,FN_TECH,JFG_TECH,Technology,Technology,G05,Senior Associate,JPC_0011,Responsible for solutions architect functions within Technology.,JP_0011,Solutions Architect,Solutions Architect - Technology,860c920107f3be319f1ff4d3895a9b52,Solutions Architect,MLH_Professional,Professional,Salary,1,0,JFG_TECH,0,0,Annual
G08,N,N,0,JC_People_Manager,People Manager,Exempt,Non-Exempt,FN_TECH,JFG_TECH,Technology,Technology,G08,Associate Director,JPC_0012,Responsible for product manager - tech functions within Technology.,JP_0012,Product Manager - Tech,Product Manager - Tech - Technology,2afd3160f80f0a6308455ab561a26051,Product Manager - Tech,MLH_Senior_Management,Senior Management,Salary,1,0,JFG_TECH,1,1,Annual
G09,N,N,0,JC_People_Manager,People Manager,Exempt,Exempt,FN_TECH,JFG_TECH,Technology,Technology,G09,Director,JPC_0013,Responsible for technical project manager functions within Technology.,JP_0013,Technical Project Manager,Technical Project Manager - Technology,bf7fefca429e572314ee578443f6ee34,Technical Project Manager,MLH_Senior_Leadership,Senior Leadership,Salary,1,0,JFG_TECH,1,1,Annual
G04,N,N,0,JC_Individual_Contributor,Individual Contributor,Exempt,Non-Exempt,FN_TECH,JFG_TECH,Technology,Technology,G04,Associate,JPC_0014,Responsible for database administrator functions within Technology.,JP_0014,Database Administrator,Database Administrator - Technology,e421782d1f3136c01c0e5db1fbba2d86,Database Administrator,MLH_Professional,Professional,Salary,1,0,JFG_TECH,0,0,Annual
G01,N,N,0,JC_Individual_Contributor,Individual Contributor,Non-Exempt,Non-Exempt,FN_TECH,JFG_TECH,Technology,Technology,G01,Analyst I,JPC_0015,Responsible for network engineer functions within Technology.,JP_0015,Network Engineer,Network Engineer - Technology,ac23794934c1d78f5c07a1dc78ab20f9,Network Engineer,MLH_Professional,Professional,Salary,1,0,JFG_TECH,0,0,Annual
G02,N,N,0,JC_Individual_Contributor,Individual Contributor,Non-Exempt,Exempt,FN_TECH,JFG_TECH,Technology,Technology,G02,Analyst II,JPC_0016,Responsible for systems administrator functions within Technology.,JP_0016,Systems Administrator,Systems Administrator - Technology,3eac739ccb4f4af7527e73d404652fe6,Systems Administrator,MLH_Professional,Professional,Salary,1,0,JFG_TECH,0,0,Annual
G04,Y,N,0,JC_Individual_Contributor,Individual Contributor,Non-Exempt,Exempt,FN_TECH,JFG_TECH,Technology,Technology,G04,Associate,JPC_0017,Responsible for business intelligence analyst functions within Technology.,JP_0017,Business Intelligence Analyst,Business Intelligence Analyst - Technology,03685730a074bf8e82bd0b2dcddd80b1,Business Intelligence Analyst,MLH_Professional,Professional,Salary,1,0,JFG_TECH,0,0,Annual
G06,N,Y,0,JC_Individual_Contributor,Individual Contributor,Exempt,Exempt,FN_FIN,JFG_FIN,Finance & Accounting,Finance,G06,Manager,JPC_0018,Responsible for financial analyst functions within Finance.,JP_0018,Financial Analyst,Financial Analyst - Finance,6bc76b25c491a1d2ffc900b59e87b100,Financial Analyst,MLH_Professional,Professional,Salary,1,0,JFG_FIN,0,0,Annual
G06,Y,N,0,JC_Individual_Contributor,Individual Contributor,Non-Exempt,Non-Exempt,FN_FIN,JFG_FIN,Finance & Accounting,Finance,G06,Manager,JPC_0019,Responsible for senior financial analyst functions within Finance.,JP_0019,Senior Financial Analyst,Senior Financial Analyst - Finance,e7852143d5850e80904594806e9f35e9,Senior Financial Analyst,MLH_Management,Management,Salary,1,0,JFG_FIN,0,1,Annual
G01,Y,N,0,JC_Individual_Contributor,Individual Contributor,Exempt,Exempt,FN_FIN,JFG_FIN,Finance & Accounting,Finance,G01,Analyst I,JPC_0020,Responsible for accountant functions within Finance.,JP_0020,Accountant,Accountant - Finance,6dd895d2a03ce65e8d06e32e7d65fb92,Accountant,MLH_Professional,Professional,Salary,1,0,JFG_FIN,0,0,Annual
G10,N,N,0,JC_Individual_Contributor,Individual Contributor,Exempt,Exempt,FN_FIN,JFG_FIN,Finance & Accounting,Finance,G10,Senior Director,JPC_0021,Responsible for senior accountant functions within Finance.,JP_0021,Senior Accountant,Senior Accountant - Finance,aba909c46694ef9b90b4455e5cb22e45,Senior Accountant,MLH_Senior_Leadership,Senior Leadership,Salary,1,0,JFG_FIN,0,1,Annual
G05,N,Y,0,JC_Individual_Contributor,Individual Contributor,Non-Exempt,Non-Exempt,FN_FIN,JFG_FIN,Finance & Accounting,Finance,G05,Senior Associate,JPC_0022,Responsible for controller functions within Finance.,JP_0022,Controller,Controller - Finance,1ec78126698aed50a647c00497f521a1,Controller,MLH_Professional,Professional,Salary,1,0,JFG_FIN,0,0,Annual
G06,Y,N,0,JC_Individual_Contributor,Individual Contributor,Non-Exempt,Exempt,FN_FIN,JFG_FIN,Finance & Accounting,Finance,G06,Manager,JPC_0023,Responsible for treasury analyst functions within Finance.,JP_0023,Treasury Analyst,Treasury Analyst - Finance,e56f37820d78a926b46df3b9c7b5a5e6,Treasury Analyst,MLH_Professional,Professional,Salary,1,0,JFG_FIN,0,0,Annual
G04,N,N,0,JC_Individual_Contributor,Individual Contributor,Exempt,Non-Exempt,FN_FIN,JFG_FIN,Finance & Accounting,Finance,G04,Associate,JPC_0024,Responsible for tax specialist functions within Finance.,JP_0024,Tax Specialist,Tax Specialist - Finance,bbc0f1a3bc0d6ca77ad8a009a092f2b4,Tax Specialist,MLH_Professional,Professional,Salary,1,0,JFG_FIN,0,0,Annual
G05,N,N,0,JC_Individual_Contributor,Individual Contributor,Non-Exempt,Non-Exempt,FN_FIN,JFG_FIN,Finance & Accounting,Finance,G05,Senior Associate,JPC_0025,Responsible for audit analyst functions within Finance.,JP_0025,Audit Analyst,Audit Analyst - Finance,0ed0f30214df840e8fd44aaa1a8a227e,Audit Analyst,MLH_Professional,Professional,Salary,1,0,JFG_FIN,0,0,Annual
G02,N,N,0,JC_Individual_Contributor,Individual Contributor,Non-Exempt,Exempt,FN_FIN,JFG_FIN,Finance & Accounting,Finance,G02,Analyst II,JPC_0026,Responsible for financial planning analyst functions within Finance.,JP_0026,Financial Planning Analyst,Financial Planning Analyst - Finance,e0cabe61b5002a39aab9831e8a2b66bf,Financial Planning Analyst,MLH_Professional,Professional,Salary,1,0,JFG_FIN,0,0,Annual
G06,N,N,0,JC_Individual_Contributor,Individual Contributor,Exempt,Exempt,FN_FIN,JFG_FIN,Finance & Accounting,Finance,G06,Manager,JPC_0027,Responsible for accounts payable specialist functions within Finance.,JP_0027,Accounts Payable Specialist,Accounts Payable Specialist - Finance,2cf1bfb2eb9872612f8bf9a2bbb814a9,Accounts Payable Specialist,MLH_Professional,Professional,Salary,1,0,JFG_FIN,0,0,Annual
G03,N,N,0,JC_Individual_Contributor,Individual Contributor,Exempt,Non-Exempt,FN_RISK,JFG_RISK,Risk & Compliance,Risk Management,G03,Senior Analyst,JPC_0028,Responsible for risk analyst functions within Risk Management.,JP_0028,Risk Analyst,Risk Analyst - Risk Management,e2d0bb69bcb162970271800dc7cacdef,Risk Analyst,MLH_Professional,Professional,Salary,1,0,JFG_RISK,0,0,Annual
G06,N,Y,0,JC_Individual_Contributor,Individual Contributor,Non-Exempt,Exempt,FN_RISK,JFG_RISK,Risk & Compliance,Risk Management,G06,Manager,JPC_0029,Responsible for senior risk analyst functions within Risk Management.,JP_0029,Senior Risk Analyst,Senior Risk Analyst - Risk Management,3eaa1a9eb063bee5d4ee3dbcbdfb146f,Senior Risk Analyst,MLH_Management,Management,Salary,1,0,JFG_RISK,0,1,Annual
G05,Y,N,0,JC_Individual_Contributor,Individual Contributor,Exempt,Non-Exempt,FN_RISK,JFG_RISK,Risk & Compliance,Risk Management,G05,Senior Associate,JPC_0030,Responsible for credit risk analyst functions within Risk Management.,JP_0030,Credit Risk Analyst,Credit Risk Analyst - Risk Management,8964742f1427da6c7c4bd56ec50b9f58,Credit Risk Analyst,MLH_Professional,Professional,Salary,1,0,JFG_RISK,0,0,Annual
G05,N,N,0,JC_Individual_Contributor,Individual Contributor,Exempt,Exempt,FN_RISK,JFG_RISK,Risk & Compliance,Risk Management,G05,Senior Associate,JPC_0031,Responsible for market risk analyst functions within Risk Management.,JP_0031,Market Risk Analyst,Market Risk Analyst - Risk Management,39db9d6640ceff899bca4fc583d1674f,Market Risk Analyst,MLH_Professional,Professional,Salary,1,0,JFG_RISK,0,0,Annual
G06,N,N,0,JC_Individual_Contributor,Individual Contributor,Non-Exempt,Exempt,FN_RISK,JFG_RISK,Risk & Compliance,Risk Management,G06,Manager,JPC_0032,Responsible for operational risk analyst functions within Risk Management.,JP_0032,Operational Risk Analyst,Operational Risk Analyst - Risk Management,ce7c927bb85f3821d52d06185c5e6d5b,Operational Risk Analyst,MLH_Professional,Professional,Salary,1,0,JFG_RISK,0,0,Annual
G02,Y,N,0,JC_Individual_Contributor,Individual Contributor,Exempt,Non-Exempt,FN_RISK,JFG_RISK,Risk & Compliance,Risk Management,G02,Analyst II,JPC_0033,Responsible for compliance analyst functions within Risk Management.,JP_0033,Compliance Analyst,Compliance Analyst - Risk Management,056312c8ea56320db57d1f40776e9686,Compliance Analyst,MLH_Professional,Professional,Salary,1,0,JFG_RISK,0,0,Annual
G01,N,N,0,JC_Individual_Contributor,Individual Contributor,Non-Exempt,Non-Exempt,FN_RISK,JFG_RISK,Risk & Compliance,Risk Management,G01,Analyst I,JPC_0034,Responsible for aml analyst functions within Risk Management.,JP_0034,AML Analyst,AML Analyst - Risk Management,e55bfd9c3df26c813ae62f491a0551c4,AML Analyst,MLH_Professional,Professional,Salary,1,0,JFG_RISK,0,0,Annual
G04,N,Y,0,JC_Individual_Contributor,Individual Contributor,Non-Exempt,Non-Exempt,FN_RISK,JFG_RISK,Risk & Compliance,Risk Management,G04,Associate,JPC_0035,Responsible for regulatory affairs specialist functions within Risk Management.,JP_0035,Regulatory Affairs Specialist,Regulatory Affairs Specialist - Risk Management,2aad99444f70a4985641accd08a05d96,Regulatory Affairs Specialist,MLH_Professional,Professional,Salary,1,0,JFG_RISK,0,0,Annual
G07,N,Y,0,JC_People_Manager,People Manager,Exempt,Exempt,FN_RISK,JFG_RISK,Risk & Compliance,Risk Management,G07,Senior Manager,JPC_0036,Responsible for risk manager functions within Risk Management.,JP_0036,Risk Manager,Risk Manager - Risk Management,4250206005b3ca79e434e385f81b946f,Risk Manager,MLH_Senior_Management,Senior Management,Salary,1,0,JFG_RISK,1,1,Annual
G01,N,Y,0,JC_Individual_Contributor,Individual Contributor,Exempt,Exempt,FN_OPS,JFG_OPS,Operations,Operations,G01,Analyst I,JPC_0037,Responsible for operations analyst functions within Operations.,JP_0037,Operations Analyst,Operations Analyst - Operations,8306e5777e906861311fe7d000b4b519,Operations Analyst,MLH_Professional,Professional,Salary,1,0,JFG_OPS,0,0,Annual
G06,N,N,0,JC_Individual_Contributor,Individual Contributor,Non-Exempt,Non-Exempt,FN_OPS,JFG_OPS,Operations,Operations,G06,Manager,JPC_0038,Responsible for operations specialist functions within Operations.,JP_0038,Operations Specialist,Operations Specialist - Operations,4d1ca438e153bc84f2c9759196c5f44d,Operations Specialist,MLH_Professional,Professional,Salary,1,0,JFG_OPS,0,0,Annual
G03,N,N,0,JC_Individual_Contributor,Individual Contributor,Non-Exempt,Non-Exempt,FN_OPS,JFG_OPS,Operations,Operations,G03,Senior Analyst,JPC_0039,Responsible for trade operations analyst functions within Operations.,JP_0039,Trade Operations Analyst,Trade Operations Analyst - Operations,99895d5d3a06f633447512cf952ab4a2,Trade Operations Analyst,MLH_Professional,Professional,Salary,1,0,JFG_OPS,0,0,Annual
G03,N,N,0,JC_Individual_Contributor,Individual Contributor,Exempt,Exempt,FN_OPS,JFG_OPS,Operations,Operations,G03,Senior Analyst,JPC_0040,Responsible for settlement specialist functions within Operations.,JP_0040,Settlement Specialist,Settlement Specialist - Operations,fe08d5b353f534aaa08769b2958c0348,Settlement Specialist,MLH_Professional,Professional,Salary,1,0,JFG_OPS,0,0,Annual
G04,N,N,0,JC_Individual_Contributor,Individual Contributor,Exempt,Non-Exempt,FN_OPS,JFG_OPS,Operations,Operations,G04,Associate,JPC_0041,Responsible for client services representative functions within Operations.,JP_0041,Client Services Representative,Client Services Representative - Operations,af88b7ca1d1c20484b00bb5125f24311,Client Services Representative,MLH_Professional,Professional,Salary,1,0,JFG_OPS,0,0,Annual
G11,Y,N,0,JC_People_Manager,People Manager,Non-Exempt,Exempt,FN_OPS,JFG_OPS,Operations,Operations,G11,Vice President,JPC_0042,Responsible for operations manager functions within Operations.,JP_0042,Operations Manager,Operations Manager - Operations,de70234306311665aea8954f83ae24ef,Operations Manager,MLH_Executive,Executive,Salary,1,0,JFG_OPS,1,1,Annual
G06,Y,N,0,JC_Individual_Contributor,Individual Contributor,Non-Exempt,Non-Exempt,FN_OPS,JFG_OPS,Operations,Operations,G06,Manager,JPC_0043,Responsible for process improvement analyst functions within Operations.,JP_0043,Process Improvement Analyst,Process Improvement Analyst - Operations,4ac1cec7e5918e7f08191f6567ee84ec,Process Improvement Analyst,MLH_Professional,Professional,Salary,1,0,JFG_OPS,0,0,Annual
G06,N,Y,0,JC_People_Manager,People Manager,Exempt,Non-Exempt,FN_OPS,JFG_OPS,Operations,Operations,G06,Manager,JPC_0044,Responsible for project manager functions within Operations.,JP_0044,Project Manager,Project Manager - Operations,246efb16d801b0030074a48c32f55d03,Project Manager,MLH_Management,Management,Salary,1,0,JFG_OPS,1,1,Annual
G01,N,N,0,JC_Individual_Contributor,Individual Contributor,Non-Exempt,Exempt,FN_HR,JFG_HR,Human Resources,Human Resources,G01,Analyst I,JPC_0045,Responsible for hr business partner functions within Human Resources.,JP_0045,HR Business Partner,HR Business Partner - Human Resources,532df501d47a445191253817e1d4e9ef,HR Business Partner,MLH_Professional,Professional,Salary,1,0,JFG_HR,0,0,Annual
G01,N,N,0,JC_Individual_Contributor,Individual Contributor,Exempt,Exempt,FN_HR,JFG_HR,Human Resources,Human Resources,G01,Analyst I,JPC_0046,Responsible for recruiter functions within Human Resources.,JP_0046,Recruiter,Recruiter - Human Resources,d154cd731683347975d411d8691e1328,Recruiter,MLH_Professional,Professional,Salary,1,0,JFG_HR,0,0,Annual
G06,N,N,0,JC_Individual_Contributor,Individual Contributor,Exempt,Non-Exempt,FN_HR,JFG_HR,Human Resources,Human Resources,G06,Manager,JPC_0047,Responsible for senior recruiter functions within Human Resources.,JP_0047,Senior Recruiter,Senior Recruiter - Human Resources,b208a64dc55ec5c2fa466e50006ebe6e,Senior Recruiter,MLH_Management,Management,Salary,1,0,JFG_HR,0,1,Annual
G04,N,N,0,JC_Individual_Contributor,Individual Contributor,Non-Exempt,Exempt,FN_HR,JFG_HR,Human Resources,Human Resources,G04,Associate,JPC_0048,Responsible for compensation analyst functions within Human Resources.,JP_0048,Compensation Analyst,Compensation Analyst - Human Resources,da6e0799f992a2ac1405cb0b3a2e8f87,Compensation Analyst,MLH_Professional,Professional,Salary,1,0,JFG_HR,0,0,Annual
G03,N,N,0,JC_Individual_Contributor,Individual Contributor,Exempt,Exempt,FN_HR,JFG_HR,Human Resources,Human Resources,G03,Senior Analyst,JPC_0049,Responsible for benefits specialist functions within Human Resources.,JP_0049,Benefits Specialist,Benefits Specialist - Human Resources,9785099396f706cfd78b806351a61952,Benefits Specialist,MLH_Professional,Professional,Salary,1,0,JFG_HR,0,0,Annual
G01,N,N,0,JC_Individual_Contributor,Individual Contributor,Exempt,Exempt,FN_HR,JFG_HR,Human Resources,Human Resources,G01,Analyst I,JPC_0050,Responsible for hris analyst functions within Human Resources.,JP_0050,HRIS Analyst,HRIS Analyst - Human Resources,24c249deb80b377c7719e96961c7fac3,HRIS Analyst,MLH_Professional,Professional,Salary,1,0,JFG_HR,0,0,Annual
G05,N,N,0,JC_Individual_Contributor,Individual Contributor,Exempt,Non-Exempt,FN_HR,JFG_HR,Human Resources,Human Resources,G05,Senior Associate,JPC_0051,Responsible for learning & development specialist functions within Human Resources.,JP_0051,Learning & Development Specialist,Learning & Development Specialist - Human Resources,92ca45cd37ea4fe20e4b17fa73355df7,Learning & Development Specialist,MLH_Professional,Professional,Salary,1,0,JFG_HR,0,0,Annual
G05,N,N,0,JC_Individual_Contributor,Individual Contributor,Non-Exempt,Non-Exempt,FN_HR,JFG_HR,Human Resources,Human Resources,G05,Senior Associate,JPC_0052,Responsible for employee relations specialist functions within Human Resources.,JP_0052,Employee Relations Specialist,Employee Relations Specialist - Human Resources,67962dae1fdba629c5aca772721d2d7d,Employee Relations Specialist,MLH_Professional,Professional,Salary,1,0,JFG_HR,0,0,Annual
G03,N,N,0,JC_Individual_Contributor,Individual Contributor,Non-Exempt,Non-Exempt,FN_LEGAL,JFG_LEGAL,Legal & Compliance,Legal,G03,Senior Analyst,JPC_0053,Responsible for corporate counsel functions within Legal.,JP_0053,Corporate Counsel,Corporate Counsel - Legal,aa8f8c849e26c694567776439beb218a,Corporate Counsel,MLH_Professional,Professional,Salary,1,0,JFG_LEGAL,0,0,Annual
G03,Y,N,0,JC_Individual_Contributor,Individual Contributor,Non-Exempt,Exempt,FN_LEGAL,JFG_LEGAL,Legal & Compliance,Legal,G03,Senior Analyst,JPC_0054,Responsible for paralegal functions within Legal.,JP_0054,Paralegal,Paralegal - Legal,ad3d7e8fb8915ea1526be03d21f37787,Paralegal,MLH_Professional,Professional,Salary,1,0,JFG_LEGAL,0,0,Annual
G03,Y,Y,0,JC_Individual_Contributor,Individual Contributor,Exempt,Exempt,FN_LEGAL,JFG_LEGAL,Legal & Compliance,Legal,G03,Senior Analyst,JPC_0055,Responsible for legal analyst functions within Legal.,JP_0055,Legal Analyst,Legal Analyst - Legal,0c59e942b62aa20d9d73e5d440b08d69,Legal Analyst,MLH_Professional,Professional,Salary,1,0,JFG_LEGAL,0,0,Annual
G05,N,N,0,JC_Individual_Contributor,Individual Contributor,Exempt,Exempt,FN_LEGAL,JFG_LEGAL,Legal & Compliance,Legal,G05,Senior Associate,JPC_0056,Responsible for regulatory counsel functions within Legal.,JP_0056,Regulatory Counsel,Regulatory Counsel - Legal,a331b132e54783ddaee7fc5129fc2e83,Regulatory Counsel,MLH_Professional,Professional,Salary,1,0,JFG_LEGAL,0,0,Annual
G06,N,N,0,JC_Individual_Contributor,Individual Contributor,Non-Exempt,Exempt,FN_LEGAL,JFG_LEGAL,Legal & Compliance,Legal,G06,Manager,JPC_0057,Responsible for contract specialist functions within Legal.,JP_0057,Contract Specialist,Contract Specialist - Legal,82becdf0e272c630780486990da76f80,Contract Specialist,MLH_Professional,Professional,Salary,1,0,JFG_LEGAL,0,0,Annual
G10,N,N,0,JC_People_Manager,People Manager,Non-Exempt,Non-Exempt,FN_SALES,JFG_SALES,Sales & Client Relations,Sales & Advisory,G10,Senior Director,JPC_0058,Responsible for relationship manager functions within Sales & Advisory.,JP_0058,Relationship Manager,Relationship Manager - Sales & Advisory,3bb1c511fb49001ee060e4b097741f6d,Relationship Manager,MLH_Senior_Leadership,Senior Leadership,Salary,1,0,JFG_SALES,1,1,Annual
G03,N,N,0,JC_Individual_Contributor,Individual Contributor,Exempt,Non-Exempt,FN_SALES,JFG_SALES,Sales & Client Relations,Sales & Advisory,G03,Senior Analyst,JPC_0059,Responsible for financial advisor functions within Sales & Advisory.,JP_0059,Financial Advisor,Financial Advisor - Sales & Advisory,b8274415d96c33e08596cd872e8d2d10,Financial Advisor,MLH_Professional,Professional,Salary,1,0,JFG_SALES,0,0,Annual
G03,N,N,0,JC_Individual_Contributor,Individual Contributor,Non-Exempt,Exempt,FN_SALES,JFG_SALES,Sales & Client Relations,Sales & Advisory,G03,Senior Analyst,JPC_0060,Responsible for investment advisor functions within Sales & Advisory.,JP_0060,Investment Advisor,Investment Advisor - Sales & Advisory,84fa5206dd62686cbfb73f86cb2bde9d,Investment Advisor,MLH_Professional,Professional,Salary,1,0,JFG_SALES,0,0,Annual
G04,N,N,0,JC_Individual_Contributor,Individual Contributor,Exempt,Exempt,FN_SALES,JFG_SALES,Sales & Client Relations,Sales & Advisory,G04,Associate,JPC_0061,Responsible for sales associate functions within Sales & Advisory.,JP_0061,Sales Associate,Sales Associate - Sales & Advisory,3d3204d1906294d7a1db29c8df685a31,Sales Associate,MLH_Professional,Professional,Salary,1,0,JFG_SALES,0,0,Annual
G06,N,N,0,JC_People_Manager,People Manager,Non-Exempt,Exempt,FN_SALES,JFG_SALES,Sales & Client Relations,Sales & Advisory,G06,Manager,JPC_0062,Responsible for client relationship manager functions within Sales & Advisory.,JP_0062,Client Relationship Manager,Client Relationship Manager - Sales & Advisory,561689df2908863b9c46c7d663a1709b,Client Relationship Manager,MLH_Management,Management,Salary,1,0,JFG_SALES,1,1,Annual
G09,N,N,0,JC_People_Manager,People Manager,Exempt,Exempt,FN_SALES,JFG_SALES,Sales & Client Relations,Sales & Advisory,G09,Director,JPC_0063,Responsible for business development manager functions within Sales & Advisory.,JP_0063,Business Development Manager,Business Development Manager - Sales & Advisory,e5d7123bf6b7e647380053bbd1076df3,Business Development Manager,MLH_Senior_Leadership,Senior Leadership,Salary,1,0,JFG_SALES,1,1,Annual
G02,N,Y,0,JC_Individual_Contributor,Individual Contributor,Non-Exempt,Non-Exempt,FN_SALES,JFG_SALES,Sales & Client Relations,Sales & Advisory,G02,Analyst II,JPC_0064,Responsible for private banker functions within Sales & Advisory.,JP_0064,Private Banker,Private Banker - Sales & Advisory,eb9148b1236355e722de251f9fb25193,Private Banker,MLH_Professional,Professional,Salary,1,0,JFG_SALES,0,0,Annual
G01,N,Y,0,JC_Individual_Contributor,Individual Contributor,Exempt,Non-Exempt,FN_SALES,JFG_SALES,Sales & Client Relations,Sales & Advisory,G01,Analyst I,JPC_0065,Responsible for mortgage specialist functions within Sales & Advisory.,JP_0065,Mortgage Specialist,Mortgage Specialist - Sales & Advisory,61dc367b3670528e51d35408febb3137,Mortgage Specialist,MLH_Professional,Professional,Salary,1,0,JFG_SALES,0,0,Annual
G04,N,N,0,JC_Individual_Contributor,Individual Contributor,Non-Exempt,Non-Exempt,FN_SALES,JFG_SALES,Sales & Client Relations,Sales & Advisory,G04,Associate,JPC_0066,Responsible for insurance advisor functions within Sales & Advisory.,JP_0066,Insurance Advisor,Insurance Advisor - Sales & Advisory,916f0978d6852309522f0f494c0aa008,Insurance Advisor,MLH_Professional,Professional,Salary,1,0,JFG_SALES,0,0,Annual
G05,N,N,0,JC_Individual_Contributor,Individual Contributor,Non-Exempt,Exempt,FN_SALES,JFG_SALES,Sales & Client Relations,Sales & Advisory,G05,Senior Associate,JPC_0067,Responsible for wealth advisor functions within Sales & Advisory.,JP_0067,Wealth Advisor,Wealth Advisor - Sales & Advisory,dfc97f1242e01371e5f367012ce80b76,Wealth Advisor,MLH_Professional,Professional,Salary,1,0,JFG_SALES,0,0,Annual
G03,Y,N,0,JC_Individual_Contributor,Individual Contributor,Exempt,Exempt,FN_MKT,JFG_MKT,Marketing,Marketing & Communications,G03,Senior Analyst,JPC_0068,Responsible for marketing analyst functions within Marketing & Communications.,JP_0068,Marketing Analyst,Marketing Analyst - Marketing & Communications,aa1ab0726a71dba3fdd4c0da02cdbfa5,Marketing Analyst,MLH_Professional,Professional,Salary,1,0,JFG_MKT,0,0,Annual
G11,N,Y,0,JC_People_Manager,People Manager,Non-Exempt,Exempt,FN_MKT,JFG_MKT,Marketing,Marketing & Communications,G11,Vice President,JPC_0069,Responsible for brand manager functions within Marketing & Communications.,JP_0069,Brand Manager,Brand Manager - Marketing & Communications,294da5eab84174874d95d7a5bca39160,Brand Manager,MLH_Executive,Executive,Salary,1,0,JFG_MKT,1,1,Annual
G06,Y,N,0,JC_Individual_Contributor,Individual Contributor,Non-Exempt,Non-Exempt,FN_MKT,JFG_MKT,Marketing,Marketing & Communications,G06,Manager,JPC_0070,Responsible for digital marketing specialist functions within Marketing & Communications.,JP_0070,Digital Marketing Specialist,Digital Marketing Specialist - Marketing & Communications,ce6229bda7aa94ab5779879cfdf96e9c,Digital Marketing Specialist,MLH_Professional,Professional,Salary,1,0,JFG_MKT,0,0,Annual
G05,N,Y,0,JC_Individual_Contributor,Individual Contributor,Exempt,Exempt,FN_MKT,JFG_MKT,Marketing,Marketing & Communications,G05,Senior Associate,JPC_0071,Responsible for communications specialist functions within Marketing & Communications.,JP_0071,Communications Specialist,Communications Specialist - Marketing & Communications,ef1dcb251b23dd488cf3378e3a6efb2e,Communications Specialist,MLH_Professional,Professional,Salary,1,0,JFG_MKT,0,0,Annual
G06,Y,N,0,JC_Individual_Contributor,Individual Contributor,Exempt,Exempt,FN_MKT,JFG_MKT,Marketing,Marketing & Communications,G06,Manager,JPC_0072,Responsible for content writer functions within Marketing & Communications.,JP_0072,Content Writer,Content Writer - Marketing & Communications,119e0ed47b5a57272d89cb3f90611110,Content Writer,MLH_Professional,Professional,Salary,1,0,JFG_MKT,0,0,Annual
G15,Y,N,0,JC_Executive,Executive,Exempt,Non-Exempt,FN_EXEC,JFG_EXEC,Executive Leadership,Executive,G15,C-Suite,JPC_0073,Responsible for chief executive officer functions within Executive.,JP_0073,Chief Executive Officer,Chief Executive Officer - Executive,c14798f79242d6a75376037725cbda12,Chief Executive Officer,MLH_Group_Head,Group Head,Salary,1,0,JFG_EXEC,1,1,Annual
G15,Y,N,0,JC_Executive,Executive,Non-Exempt,Exempt,FN_EXEC,JFG_EXEC,Executive Leadership,Executive,G15,C-Suite,JPC_0074,Responsible for chief financial officer functions within Executive.,JP_0074,Chief Financial Officer,Chief Financial Officer - Executive,74646e3444c7f55a60f95e900fa44df0,Chief Financial Officer,MLH_Group_Head,Group Head,Salary,1,0,JFG_EXEC,1,1,Annual
G15,N,N,0,JC_Executive,Executive,Non-Exempt,Non-Exempt,FN_EXEC,JFG_EXEC,Executive Leadership,Executive,G15,C-Suite,JPC_0075,Responsible for chief technology officer functions within Executive.,JP_0075,Chief Technology Officer,Chief Technology Officer - Executive,7f8a1383a499e5402c5f01021d306717,Chief Technology Officer,MLH_Group_Head,Group Head,Salary,1,0,JFG_EXEC,1,1,Annual
G14,N,N,0,JC_Executive,Executive,Non-Exempt,Exempt,FN_EXEC,JFG_EXEC,Executive Leadership,Executive,G14,Managing Director,JPC_0076,Responsible for chief risk officer functions within Executive.,JP_0076,Chief Risk Officer,Chief Risk Officer - Executive,28fde4e84798a7e153400efcec8c0561,Chief Risk Officer,MLH_Group_Head,Group Head,Salary,1,0,JFG_EXEC,1,1,Annual
G15,N,Y,0,JC_Executive,Executive,Exempt,Non-Exempt,FN_EXEC,JFG_EXEC,Executive Leadership,Executive,G15,C-Suite,JPC_0077,Responsible for chief operating officer functions within Executive.,JP_0077,Chief Operating Officer,Chief Operating Officer - Executive,a2ee61d87a87e992c37303a8f1e7dfbf,Chief Operating Officer,MLH_Group_Head,Group Head,Salary,1,0,JFG_EXEC,1,1,Annual
G13,N,Y,0,JC_Executive,Executive,Non-Exempt,Exempt,FN_EXEC,JFG_EXEC,Executive Leadership,Executive,G13,Executive Vice President,JPC_0078,Responsible for chief human resources officer functions within Executive.,JP_0078,Chief Human Resources Officer,Chief Human Resources Officer - Executive,447767d2f22b90c736ca4619c7b3bc68,Chief Human Resources Officer,MLH_Group_Head,Group Head,Salary,1,0,JFG_EXEC,1,1,Annual
G14,N,N,0,JC_Executive,Executive,Exempt,Non-Exempt,FN_EXEC,JFG_EXEC,Executive Leadership,Executive,G14,Managing Director,JPC_0079,Responsible for chief legal officer functions within Executive.,JP_0079,Chief Legal Officer,Chief Legal Officer - Executive,bbcfa2a62ddc564d5075381e3b3c0e48,Chief Legal Officer,MLH_Group_Head,Group Head,Salary,1,0,JFG_EXEC,1,1,Annual
G14,N,N,0,JC_Executive,Executive,Exempt,Non-Exempt,FN_EXEC,JFG_EXEC,Executive Leadership,Executive,G14,Managing Director,JPC_0080,Responsible for chief marketing officer functions within Executive.,JP_0080,Chief Marketing Officer,Chief Marketing Officer - Executive,ef261149a772b84890803efdc505820b,Chief Marketing Officer,MLH_Group_Head,Group Head,Salary,1,0,JFG_EXEC,1,1,Annual
G04,N,N,0,JC_Individual_Contributor,Individual Contributor,Exempt,Non-Exempt,FN_ADMIN,JFG_ADMIN,Corporate Services,Administration,G04,Associate,JPC_0081,Responsible for executive assistant functions within Administration.,JP_0081,Executive Assistant,Executive Assistant - Administration,bd90db2ff91142f5f68f378cb2eadf2b,Executive Assistant,MLH_Professional,Professional,Salary,1,0,JFG_ADMIN,0,0,Annual
G02,N,N,0,JC_Individual_Contributor,Individual Contributor,Exempt,Exempt,FN_ADMIN,JFG_ADMIN,Corporate Services,Administration,G02,Analyst II,JPC_0082,Responsible for office administrator functions within Administration.,JP_0082,Office Administrator,Office Administrator - Administration,cb40dc89bdf6c35e4b6be4ecb64018b4,Office Administrator,MLH_Professional,Professional,Salary,1,0,JFG_ADMIN,0,0,Annual
G03,Y,N,0,JC_Individual_Contributor,Individual Contributor,Exempt,Exempt,FN_ADMIN,JFG_ADMIN,Corporate Services,Administration,G03,Senior Analyst,JPC_0083,Responsible for facilities coordinator functions within Administration.,JP_0083,Facilities Coordinator,Facilities Coordinator - Administration,7ca3ec0debd4426453bf82efa1b7aa5b,Facilities Coordinator,MLH_Professional,Professional,Salary,1,0,JFG_ADMIN,0,0,Annual
G02,N,N,0,JC_Individual_Contributor,Individual Contributor,Non-Exempt,Exempt,FN_ADMIN,JFG_ADMIN,Corporate Services,Administration,G02,Analyst II,JPC_0084,Responsible for receptionist functions within Administration.,JP_0084,Receptionist,Receptionist - Administration,8b205d5213404fc5eb014827f1675b16,Receptionist,MLH_Professional,Professional,Salary,1,0,JFG_ADMIN,0,0,Annual
G06,N,N,0,JC_Individual_Contributor,Individual Contributor,Non-Exempt,Exempt,FN_ADMIN,JFG_ADMIN,Corporate Services,Administration,G06,Manager,JPC_0085,Responsible for administrative assistant functions within Administration.,JP_0085,Administrative Assistant,Administrative Assistant - Administration,3f2f75eb66cb3f64c599d70348aeb085,Administrative Assistant,MLH_Professional,Professional,Salary,1,0,JFG_ADMIN,0,0,Annual
G07,N,N,0,JC_People_Manager,People Manager,Exempt,Non-Exempt,FN_ADMIN,JFG_ADMIN,Corporate Services,Administration,G07,Senior Manager,JPC_0086,Responsible for office manager functions within Administration.,JP_0086,Office Manager,Office Manager - Administration,d9abaf99cc6790ff8d7fe5e9e5983f20,Office Manager,MLH_Senior_Management,Senior Management,Salary,1,0,JFG_ADMIN,1,1,Annual
G09,N,Y,0,JC_People_Manager,People Manager,Exempt,Non-Exempt,FN_INVEST,JFG_INVEST,Investment Management,Investments,G09,Director,JPC_0087,Responsible for portfolio manager functions within Investments.,JP_0087,Portfolio Manager,Portfolio Manager - Investments,4739086b6a365005ae690cceb0ff54f4,Portfolio Manager,MLH_Senior_Leadership,Senior Leadership,Salary,1,0,JFG_INVEST,1,1,Annual
G04,Y,Y,0,JC_Individual_Contributor,Individual Contributor,Non-Exempt,Non-Exempt,FN_INVEST,JFG_INVEST,Investment Management,Investments,G04,Associate,JPC_0088,Responsible for investment analyst functions within Investments.,JP_0088,Investment Analyst,Investment Analyst - Investments,9290343b91a2b6044cc53aa1bbdb0e9e,Investment Analyst,MLH_Professional,Professional,Salary,1,0,JFG_INVEST,0,0,Annual
G06,N,N,0,JC_Individual_Contributor,Individual Contributor,Non-Exempt,Exempt,FN_INVEST,JFG_INVEST,Investment Management,Investments,G06,Manager,JPC_0089,Responsible for research analyst functions within Investments.,JP_0089,Research Analyst,Research Analyst - Investments,e0b2da12c6435fe4193924bd4a4e1f9b,Research Analyst,MLH_Professional,Professional,Salary,1,0,JFG_INVEST,0,0,Annual
G04,Y,Y,0,JC_Individual_Contributor,Individual Contributor,Exempt,Exempt,FN_INVEST,JFG_INVEST,Investment Management,Investments,G04,Associate,JPC_0090,Responsible for quantitative analyst functions within Investments.,JP_0090,Quantitative Analyst,Quantitative Analyst - Investments,67ba0ac5288ea0e6fae3e713fcbbecdf,Quantitative Analyst,MLH_Professional,Professional,Salary,1,0,JFG_INVEST,0,0,Annual
G01,N,N,0,JC_Individual_Contributor,Individual Contributor,Exempt,Non-Exempt,FN_INVEST,JFG_INVEST,Investment Management,Investments,G01,Analyst I,JPC_0091,Responsible for trader functions within Investments.,JP_0091,Trader,Trader - Investments,ef738592418d771f163a0560ab606bed,Trader,MLH_Professional,Professional,Salary,1,0,JFG_INVEST,0,0,Annual
G05,N,N,0,JC_Individual_Contributor,Individual Contributor,Exempt,Non-Exempt,FN_INVEST,JFG_INVEST,Investment Management,Investments,G05,Senior Associate,JPC_0092,Responsible for fund accountant functions within Investments.,JP_0092,Fund Accountant,Fund Accountant - Investments,c632d2a0b45c3833f4ed1660150b67c3,Fund Accountant,MLH_Professional,Professional,Salary,1,0,JFG_INVEST,0,0,Annual
G01,Y,N,0,JC_Individual_Contributor,Individual Contributor,Non-Exempt,Exempt,FN_INVEST,JFG_INVEST,Investment Management,Investments,G01,Analyst I,JPC_0093,Responsible for performance analyst functions within Investments.,JP_0093,Performance Analyst,Performance Analyst - Investments,2de2f90bab31fdbff78228b09f8fe72f,Performance Analyst,MLH_Professional,Professional,Salary,1,0,JFG_INVEST,0,0,Annual
G06,N,N,0,JC_Individual_Contributor,Individual Contributor,Non-Exempt,Non-Exempt,FN_INVEST,JFG_INVEST,Investment Management,Investments,G06,Manager,JPC_0094,Responsible for esg analyst functions within Investments.,JP_0094,ESG Analyst,ESG Analyst - Investments,5ff5d84c202c42aad0a0d8742130d6e0,ESG Analyst,MLH_Professional,Professional,Salary,1,0,JFG_INVEST,0,0,Annual
