prompt_id,title,category,department,copilot_surface,environment_tags,theme,prompt_text,description,tips,difficulty,workflow_area,tags
UT-SUM-001,Executive Summary Generator,Universal Toolkit,Universal,Chat,Copilot Chat Only,Summarization,"Review the attached [DOCUMENT_TYPE] and create a 1-page executive summary highlighting: key findings, business implications, recommended actions, and any risks. Organize by priority and use bullet points for clarity.",Distills lengthy documents into actionable exec summaries for leadership review.,"Copilot works best with structured documents; for unstructured text, provide context clues about audience and use case. Avoid asking for ""all details in summary format"" as this defeats the purpose.",Beginner,Summarization,executive-summary|leadership|efficiency
UT-SUM-002,Meeting to Action Items,Universal Toolkit,Universal,Chat,Copilot Chat Only,Summarization,"I have a meeting transcript from [MEETING_TYPE] about [TOPIC]. Extract: who owns each action, deadlines, blockers, and decisions made. Format as a table with Owner | Action | Deadline | Status. Flag any missing accountability.",Converts meeting notes into trackable action items with clear ownership and deadlines.,"Mention specific roles or names in the transcript if available; Copilot will pick them up more reliably. For recurring meetings, ask about standing items versus new actions.",Beginner,Summarization,meeting-notes|actions|accountability
UT-SUM-003,Theme Detection Across Documents,Universal Toolkit,Universal,Chat,Copilot Chat Only,Summarization,"Scan these [NUMBER] documents and identify recurring themes, patterns, or concerns. Group by theme and note how many documents mention each. Highlight any themes that contradict each other.",Reveals patterns and consensus across multiple inputs for insight discovery.,Paste short excerpts or document names with brief context; Copilot may miss nuance in very long inputs. Works best with 3-10 sources.,Intermediate,Summarization,pattern-detection|insights|analysis
UT-SUM-004,Risk and Issue Identification,Universal Toolkit,Universal,Chat,Copilot Chat Only,Summarization,"Review this [DOCUMENT_TYPE] and flag any risks, issues, or red flags. For each, rate Severity (High/Medium/Low) and Likelihood (High/Medium/Low), and suggest a mitigation or next step.",Proactively surfaces business risks embedded in documents or conversations.,"Provide context about your risk appetite; Copilot will calibrate severity ratings. Be explicit about what ""risk"" means in your domain (financial, reputational, operational).",Intermediate,Summarization,risk-management|compliance|governance
UT-SUM-005,Comparison and Delta Analysis,Universal Toolkit,Universal,Chat,Copilot Chat Only,Summarization,"Compare these two [DOCUMENT_TYPE]s and show me the deltas: what's new, what's removed, what's changed. Format as three columns: Added | Removed | Modified. Highlight material differences only.",Quickly identifies what has changed between versions for review and approval workflows.,"Copilot handles version-to-version well; for before/after narratives, be explicit about which is which. Use this before signing off on updates.",Intermediate,Summarization,comparison|change-tracking|approval
UT-SUM-006,Email Thread Summarizer,Universal Toolkit,Universal,Chat,Copilot Chat Only,Summarization,"Summarize this email thread: identify the original problem, proposals offered, objections raised, and current status. Who still needs to respond? What is the decision point?",Distills long email chains into decision-ready briefs for leaders.,Copy/paste the entire thread; Copilot will follow the conversation flow. Useful before jumping into an ongoing thread to get up to speed.,Beginner,Summarization,email|communication|efficiency
UT-SUM-007,Stakeholder Position Mapping,Universal Toolkit,Universal,Chat,Copilot Chat Only,Summarization,"From this [DOCUMENT_TYPE or MEETING_TRANSCRIPT], map stakeholder positions: who supports what, who has concerns, and where is consensus? Format as a table: Stakeholder | Position | Concerns | Influence Level.",Visualizes organizational alignment and identifies where negotiation is needed.,Name stakeholders explicitly if possible; Copilot will anchor on real names better than pronouns. Useful for pre-meeting planning.,Intermediate,Summarization,stakeholder-management|alignment|negotiation
UT-SUM-008,Document Consolidation,Universal Toolkit,Universal,Chat,Copilot Chat Only,Summarization,"I have [NUMBER] related documents about [TOPIC]. Consolidate them into one coherent brief, removing duplicates, reconciling conflicting info, and organizing by [SECTION_STRUCTURE]. Call out any unresolved contradictions.",Merges multiple inputs into a single source of truth for distributed teams.,Provide a suggested structure upfront; Copilot will follow it more precisely. Name the documents so you can refer back to source.,Intermediate,Summarization,consolidation|single-source-of-truth|efficiency
UT-SUM-009,Metrics and KPI Extraction,Universal Toolkit,Universal,Chat,Copilot Chat Only,Summarization,"Extract all metrics, KPIs, and numerical targets from this [DOCUMENT_TYPE]. Create a table with: Metric Name | Current Value | Target | Unit | Owner. Flag any metrics without owners or targets.",Identifies measurement framework embedded in business documents for dashboard design.,"Copilot works best when metrics have explicit values; for qualitative targets, ask it to infer quantifiable proxies. Useful for OKR setting.",Intermediate,Summarization,metrics|KPI|performance-tracking
UT-SUM-010,Competitive Positioning Summary,Universal Toolkit,Universal,Chat,Copilot Chat Only,Summarization,"From these [NUMBER] sources about our competitors, summarize: what do they do well, where are gaps, how are we positioned against each? Highlight our differentiation opportunities.",Synthesizes competitive intelligence into strategy-ready briefs.,"Provide recent market research or news articles; Copilot will synthesize across sources. Ask for specific dimensions (pricing, features, service) for clearer comparison.",Intermediate,Summarization,competitive-intelligence|strategy|market-analysis
UT-DRF-001,Content Drafting from Notes,Universal Toolkit,Universal,Chat,Copilot Chat Only,Content Drafting,"Using these notes: [NOTES], draft a [DOCUMENT_TYPE] for [AUDIENCE] about [TOPIC]. Organize by [STRUCTURE], use [TONE], and ensure it answers [KEY_QUESTION]. Include a clear call-to-action.",Transforms raw notes into polished deliverables for communication and alignment.,"Start with a clear structure in mind (e.g., problem-solution-next-steps); Copilot will follow it. Specify tone explicitly: formal, conversational, technical, etc.",Beginner,Content Drafting,drafting|efficiency|communication
UT-DRF-002,Multi-Source Content Synthesis,Universal Toolkit,Universal,Chat,Copilot Chat Only,Content Drafting,"I have [NUMBER] sources covering [TOPIC]. Synthesize them into a [DOCUMENT_TYPE] for [AUDIENCE] that resolves contradictions, highlights consensus, and provides actionable insight. Use an [OUTLINE_STRUCTURE].",Merges research and inputs into cohesive narratives for reports and briefs.,"Paste or name each source; Copilot tracks provenance. Useful for white papers, market briefs, and strategy documents.",Intermediate,Content Drafting,synthesis|research|reporting
UT-DRF-003,Refinement and Polish,Universal Toolkit,Universal,Chat,Copilot Chat Only,Content Drafting,"Review this [DOCUMENT_TYPE] for: flow, clarity, redundancy, and impact. Revise for a [SENIORITY_LEVEL] audience, tighten by [PERCENTAGE]%, and improve visual hierarchy. Preserve all content intent.",Enhances existing drafts for publication readiness and stakeholder reception.,"Copilot is good at tightening; specify the % reduction you need. For very long docs, ask for section-by-section feedback first.",Intermediate,Content Drafting,editing|refinement|publication-readiness
UT-DRF-004,Tone and Voice Adjustment,Universal Toolkit,Universal,Chat,Copilot Chat Only,Content Drafting,This [DOCUMENT_TYPE] is currently [CURRENT_TONE]. Rewrite it in [TARGET_TONE] while keeping all information intact. The audience is [AUDIENCE] and the use case is [USE_CASE].,Adapts messaging to audience expectations without losing substance.,Give examples of the target tone if possible; Copilot will match style better. Useful for executive summaries (from technical docs) or vice versa.,Beginner,Content Drafting,tone|voice|audience-adaptation
UT-DRF-005,Audience Adaptation,Universal Toolkit,Universal,Chat,Copilot Chat Only,Content Drafting,"Adapt this [DOCUMENT_TYPE] for [TARGET_AUDIENCE] (currently written for [ORIGINAL_AUDIENCE]). Adjust: technical depth, terminology, examples, and emphasis to match [AUDIENCE_NEED/CONCERN].",Reframes messaging for different stakeholder groups from a single draft.,"Describe what the new audience cares about (e.g., CFO wants ROI, ops wants feasibility); Copilot will emphasize accordingly. Useful for multi-stakeholder rollouts.",Intermediate,Content Drafting,adaptation|stakeholder-communication|efficiency
UT-DRF-007,Email-to-Proposal Conversion,Universal Toolkit,Universal,Chat,Copilot Chat Only,Content Drafting,"From this email exchange about [TOPIC], extract the proposal and expand it into a formal proposal document for [DECISION_MAKER]. Include: executive summary, detailed scope, timeline, investment, and next steps.",Escalates informal agreements into formal documents for contracts and approval.,Ensure all key deal terms are in the email thread; Copilot will pull and structure them. Useful before legal review.,Intermediate,Content Drafting,proposal-development|formalization|contracting
UT-DRF-008,Version Merging and Reconciliation,Universal Toolkit,Universal,Chat,Copilot Chat Only,Content Drafting,I have [NUMBER] versions of [DOCUMENT_TYPE] from different authors. Merge them into one coherent document that incorporates all contributions. Preserve distinct insights and flag conflicting statements.,Consolidates collaborative drafts without losing authorial input.,List authors so Copilot can track perspectives; useful for pre-review merges. Ask for a reconciliation table if conflicts are significant.,Intermediate,Content Drafting,collaboration|merging|reconciliation
UT-DRF-009,Outline Expansion,Universal Toolkit,Universal,Chat,Copilot Chat Only,Content Drafting,I have a [DOCUMENT_TYPE] outline: [OUTLINE]. Expand each section with 2-3 paragraphs of substantial content on [TOPIC] for [AUDIENCE]. Use [TONE] and include [SPECIFIC_ELEMENTS].,Turns skeletal outlines into first-draft prose for faster authoring.,Provide an outline structure and key talking points; Copilot will flesh out. Review the output for accuracy in technical sections.,Intermediate,Content Drafting,outline-expansion|first-draft|efficiency
UT-DRF-010,Brand Voice Consistency Check,Universal Toolkit,Universal,Chat,Copilot Chat Only,Content Drafting,"Review this [DOCUMENT_TYPE] against our brand guidelines: [GUIDELINES_SUMMARY]. Adjust language, tone, examples, and messaging to align with [BRAND_ATTRIBUTE]. Maintain all factual content.",Ensures marketing and corporate messaging reflects brand identity consistently.,"Provide brand guidelines, brand book excerpts, or past examples; Copilot will learn your voice. Useful for multi-author communications.",Intermediate,Content Drafting,brand-consistency|voice|governance
UT-DAT-001,Trend Identification,Universal Toolkit,Universal,Chat,Copilot Chat Only,Data Analysis,"Analyze this [DATA_TYPE]: [DATA or FILE_REFERENCE]. Identify trends over time (or across [DIMENSION]). For each trend: describe the direction, note the magnitude of change, and suggest a business implication.",Reveals directional patterns in data for decision-making and strategy.,"Provide dates or time periods if available; Copilot works better with context. For noisy data, ask for moving average or smoothed interpretation.",Intermediate,Data Analysis,trends|forecasting|insight
UT-DAT-003,What-If Scenario Analysis,Universal Toolkit,Universal,Chat,Copilot Chat Only,Data Analysis,"Given this baseline [DATA/ASSUMPTION]: [INPUT], model what happens if [SCENARIO_A], [SCENARIO_B], and [SCENARIO_C]. Show impact on [KEY_METRIC] as: current state, scenario outcome, % change.",Explores decision impact without re-running complex models.,"Frame scenarios clearly: best case, worst case, most likely. Copilot will reason through cause-effect; review math for critical decisions.",Intermediate,Data Analysis,scenario-planning|decision-support|forecasting
UT-DAT-004,Data Quality Assessment,Universal Toolkit,Universal,Chat,Copilot Chat Only,Data Analysis,"Assess the quality of this [DATA_TYPE]: [DATA]. Check for: completeness (% missing), consistency (format, values), accuracy (obvious errors), and timeliness (age of data). Rate overall quality and suggest cleanup priorities.",Determines fitness of data for decision-making and identifies remediation needs.,Provide context about the data source and use case; Copilot will prioritize quality issues. Useful before relying on data for major decisions.,Intermediate,Data Analysis,data-quality|governance|data-driven-decisions
UT-DAT-005,Comparison Across Groups,Universal Toolkit,Universal,Chat,Copilot Chat Only,Data Analysis,"Compare [METRIC] across [DIMENSION]: [VALUES]. Show performance of each group: absolute value, rank, and performance vs. average. Highlight winners, laggards, and why the gaps might exist.",Benchmarks performance within and between groups for accountability and learning.,"Provide context about each group (geography, team, product); Copilot will suggest relevant comparisons. Useful for dashboard design and team scorecards.",Intermediate,Data Analysis,benchmarking|comparison|performance-management
UT-DAT-006,Forecasting and Extrapolation,Universal Toolkit,Universal,Chat,Copilot Chat Only,Data Analysis,"Given this historical [DATA_TYPE] from [TIME_PERIOD]: [DATA], forecast [METRIC] for [FUTURE_PERIOD]. Note assumptions, confidence level, and key drivers of the forecast.",Projects future performance based on historical patterns and trends.,Copilot can extrapolate trends but should not be your primary forecasting tool for critical decisions. Use this for directional planning; validate with statistical models.,Intermediate,Data Analysis,forecasting|planning|projection
UT-DAT-007,Segmentation and Clustering,Universal Toolkit,Universal,Chat,Copilot Chat Only,Data Analysis,"Segment this [DATA_TYPE] by [DIMENSION]. Identify natural clusters or groupings based on [CRITERIA]. For each segment: size, key characteristics, and business relevance or action.",Reveals distinct groups within a population for targeted strategy.,"Copilot will suggest reasonable segments; validate against your business model. Useful for targeting, messaging, and resource allocation.",Intermediate,Data Analysis,segmentation|customer-insights|strategy
UT-DAT-008,Root Cause Analysis,Universal Toolkit,Universal,Chat,Copilot Chat Only,Data Analysis,We're seeing [SYMPTOM/PROBLEM] in [METRIC]. Walk through the factors that could cause this: [DIMENSIONS or FACTORS]. Which factors changed recently? Which are most likely culprits?,Diagnoses the drivers behind business problems for targeted solutions.,"Use 5-Whys or fishbone structure; ask Copilot to walk through each branch. Review findings against recent changes (system, process, market) for validation.",Intermediate,Data Analysis,root-cause-analysis|problem-solving|diagnostics
UT-DAT-009,Risk Scoring Framework,Universal Toolkit,Universal,Chat,Copilot Chat Only,Data Analysis,"Create a risk score for [ENTITY_TYPE]: [ENTITIES]. Consider: [RISK_FACTORS]. For each entity, rate: likelihood (1-5), impact (1-5), and derive risk score (likelihood × impact). Rank and prioritize.",Operationalizes risk assessment for portfolio management and compliance.,"Define what each factor means (e.g., late payment = 3/5); Copilot will score consistently. Use this with governance reviews.",Advanced,Data Analysis,risk-management|portfolio-management|compliance
UT-DAT-010,Dashboard Design Recommendation,Universal Toolkit,Universal,Chat,Copilot Chat Only,Data Analysis,"For this [USE_CASE/AUDIENCE], recommend a dashboard structure. What [NUMBER] metrics matter most? How should they be organized? What granularity (daily, weekly, monthly)? Suggest 2-3 visualizations.",Blueprints effective dashboards aligned with user needs and decision workflows.,"Describe the user (what decisions they make, what they check weekly); Copilot will suggest relevant metrics. Review for actionability and timeliness.",Intermediate,Data Analysis,dashboard-design|visualization|user-experience
UT-PRD-001,Email Drafting,Universal Toolkit,Universal,Chat,Copilot Chat Only,Productivity,Draft a professional email about [TOPIC] to [RECIPIENT/ROLE]. Purpose: [PURPOSE]. Tone: [TONE]. Include: [KEY_POINTS]. Keep it to [SENTENCE_COUNT] sentences.,Jumpstarts email writing for busy professionals.,"Specify purpose clearly (inform, request, escalate); Copilot will adjust tone. Useful for high-stakes emails; always review before sending.",Beginner,Productivity,email|communication|efficiency
UT-PRD-002,Meeting Preparation,Universal Toolkit,Universal,Chat,Copilot Chat Only,Productivity,"I have a meeting with [ATTENDEES] about [TOPIC]. Prepare: key questions to ask, talking points, and success criteria. Context: [BACKGROUND]. What should I have ready?",Ensures productive meetings with clear objectives and prepared inputs.,"Describe your goals and any known tensions; Copilot will suggest discussion paths. Useful for 1:1s, negotiations, and leadership meetings.",Beginner,Productivity,meeting-prep|preparation|effectiveness
UT-PRD-003,Project Status Report,Universal Toolkit,Universal,Chat,Copilot Chat Only,Productivity,"Summarize the status of [PROJECT]: [DESCRIPTION]. Report on: progress (% complete, key milestones hit), blockers, risks, and next 2 weeks of work. Format as: Summary | Progress | Risks | Next Steps.",Standardizes status communication for governance and leadership visibility.,Use a template each week for consistency; Copilot will learn your project context. Useful for steering committee reports.,Beginner,Productivity,project-management|status-reporting|governance
UT-PRD-004,Decision Matrix,Universal Toolkit,Universal,Chat,Copilot Chat Only,Productivity,"We need to decide between [OPTION_A], [OPTION_B], and [OPTION_C] on [DECISION_TOPIC]. Create a decision matrix: criteria (e.g., cost, timeline, risk), score each option, weight criteria, and recommend.",Structures decision-making for teams and reduces analysis paralysis.,"Define criteria that matter (financial, strategic, operational) upfront; Copilot will score. Useful for procurement, vendor selection, and strategy choices.",Intermediate,Productivity,decision-making|analysis|governance
UT-PRD-005,Presentation Outline,Universal Toolkit,Universal,Chat,Copilot Chat Only,Productivity,"Create a presentation outline for [TOPIC] to [AUDIENCE]. Goal: [GOAL]. Format: [SLIDE_STRUCTURE]. Include: opening hook, [NUMBER] key messages, supporting evidence, and close. Time: [DURATION].",Scaffolds presentations from concept to detailed outline.,Provide context about audience seniority and familiarity with topic; Copilot will adjust depth. Use this before opening PowerPoint.,Beginner,Productivity,presentation-design|communication|efficiency
UT-PRD-006,Stakeholder Communication Plan,Universal Toolkit,Universal,Chat,Copilot Chat Only,Productivity,"For this initiative [DESCRIPTION], create a communication plan. Who needs to know? What message for each stakeholder? When and how to communicate? Format as: Stakeholder | Message | Channel | Timing.",Ensures alignment and reduces surprises during change initiatives.,"List stakeholders by type (impacted, decision-maker, supporter, resistant); Copilot will suggest tailored messages. Useful for organizational changes.",Intermediate,Productivity,change-management|communication|stakeholder-engagement
UT-PRD-007,Weekly Digest Creation,Universal Toolkit,Universal,Chat,Copilot Chat Only,Productivity,"Create a weekly digest for [AUDIENCE] covering: [TOPICS]. Include: what happened this week, what matters, what to watch, and ask (what do you need?). Keep to [LENGTH].",Reduces email volume and improves team alignment on priorities.,Collect inputs from team; Copilot will synthesize. Send on a consistent day/time for habit formation. Useful for cross-functional teams.,Beginner,Productivity,digest|communication|alignment
UT-PRD-009,Feedback Synthesis,Universal Toolkit,Universal,Chat,Copilot Chat Only,Productivity,"I've gathered feedback from [NUMBER] people on [TOPIC]. Synthesize: common themes, areas of consensus, key concerns, and recommendations. Group feedback by [DIMENSION].",Identifies actionable insights from feedback and surveys.,"Share representative quotes; Copilot will categorize. Useful for product, service, and culture feedback review.",Intermediate,Productivity,feedback|insights|decision-making
UT-PRD-010,Constraint Analysis,Universal Toolkit,Universal,Chat,Copilot Chat Only,Productivity,"We're trying to [GOAL] but facing constraints: [CONSTRAINTS]. Analyze each constraint: is it real or perceived, how could we work around it, and what are the trade-offs? Rank by impact.",Challenges assumptions and uncovers hidden opportunities in constrained situations.,Distinguish between policy constraints and hard limits; Copilot will focus on addressable ones. Useful for creative problem-solving sessions.,Intermediate,Productivity,problem-solving|constraint-analysis|innovation
UT-CIN-001,Executive Leader Custom Instructions,Universal Toolkit,Universal,Custom Instructions,Copilot Chat Only,Custom Instructions,"Set up Copilot for an executive leader who needs: fast briefings on strategic topics, board-ready content, competitive intelligence synthesis, and quick decisions on major investments. Include: tone preferences, output formats, key contexts, and gotchas to avoid.",Personalizes Copilot for executive workflows and communication style.,"Build the template; user refines based on first few uses. Covers reporting style, preferred brevity, risk tolerance, and decision-support needs.",Advanced,Custom Instructions,personalization|leadership|efficiency
UT-CIN-002,HR Business Partner Custom Instructions,Universal Toolkit,Universal,Custom Instructions,Copilot Chat Only,Custom Instructions,"Set up Copilot for an HR Business Partner supporting [BUSINESS_UNIT]. Focus: workforce planning, org design advice, people metrics, and employee relations guidance. Include: confidentiality guardrails, tone (empathetic, analytical), and compliance checks.",Configures Copilot for HR workflows while maintaining confidentiality and compliance.,Emphasize people sensitivity; Copilot should flag privacy concerns. Include guidance on when to involve legal/compliance.,Intermediate,Custom Instructions,personalization|HR|governance
UT-CIN-003,Data Analyst Custom Instructions,Universal Toolkit,Universal,Custom Instructions,Copilot Chat Only,Custom Instructions,"Set up Copilot for a data analyst who needs: data validation checks, SQL/Python code generation, visualization recommendations, and statistical guidance. Include: accuracy standards, acceptable tools, limitations of Copilot analysis, and when to escalate to expert.",Tunes Copilot for analytical rigor and appropriate use of AI-assisted coding.,"Specify tools used (Excel, Python, SQL); Copilot will adjust suggestions. Include guardrails on model validation and assumption checking.",Advanced,Custom Instructions,personalization|analytics|governance
UT-CIN-004,Marketing Manager Custom Instructions,Universal Toolkit,Universal,Custom Instructions,Copilot Chat Only,Custom Instructions,"Set up Copilot for a marketing manager. Focus: campaign strategy, content ideation and drafting, audience insights, and competitive positioning. Include: brand voice, approval workflows, channel preferences, and measurement mindset.",Aligns Copilot with marketing workflows and brand standards.,Provide brand guidelines and past campaign examples; Copilot learns voice. Include approval workflows (draft → review → execute).,Intermediate,Custom Instructions,personalization|marketing|brand-consistency
UT-CIN-005,Procurement Analyst Custom Instructions,Universal Toolkit,Universal,Custom Instructions,Copilot Chat Only,Custom Instructions,"Set up Copilot for a procurement analyst. Focus: vendor evaluation, contract analysis, spend insights, and sourcing strategy. Include: risk tolerance, approval thresholds, compliance requirements, and escalation criteria.",Configures Copilot for procurement workflows within governance frameworks.,"Include company policies (signing authority, vendor scorecards, preferred suppliers); Copilot will reference. Add compliance checklist (conflict of interest, ethics).",Intermediate,Custom Instructions,personalization|procurement|compliance
UT-CIN-006,Project Manager Custom Instructions,Universal Toolkit,Universal,Custom Instructions,Copilot Chat Only,Custom Instructions,"Set up Copilot for a project manager. Focus: planning, risk management, schedule analysis, and status communication. Include: project context, milestone structure, reporting cadence, and escalation criteria.",Personalizes Copilot for project management and governance communication.,"Describe your project portfolio and reporting style; Copilot will tailor. Include templates for status, risk, and change logs.",Intermediate,Custom Instructions,personalization|project-management|governance
UT-CIN-007,Real Estate Manager Custom Instructions,Universal Toolkit,Universal,Custom Instructions,Copilot Chat Only,Custom Instructions,"Set up Copilot for a real estate manager. Focus: lease analysis, portfolio optimization, space planning, and cost management. Include: market context, financial criteria, sustainability goals, and decision framework.",Optimizes Copilot for real estate portfolio management and analysis.,Provide lease templates and portfolio structure; Copilot learns your deals. Include sustainability and ESG priorities.,Intermediate,Custom Instructions,personalization|real-estate|portfolio-management
UT-CIN-008,Communications Lead Custom Instructions,Universal Toolkit,Universal,Custom Instructions,Copilot Chat Only,Custom Instructions,"Set up Copilot for a communications lead. Focus: messaging, audience adaptation, internal/external narrative, and crisis communication. Include: brand voice, tone guidelines, approval chains, and off-limit topics.",Configures Copilot for communications workflows with brand and compliance controls.,"Provide brand book, past communications, and style guide; Copilot will learn tone. Add compliance guardrails (legal, ethics, crisis protocols).",Intermediate,Custom Instructions,personalization|communications|brand-governance
UT-CIN-010,Learning & Development Lead Custom Instructions,Universal Toolkit,Universal,Custom Instructions,Copilot Chat Only,Custom Instructions,"Set up Copilot for an L&D professional. Focus: learning design, content creation, skill assessment, and capability building. Include: learning philosophy, audience diversity, delivery modality, and measurement approach.",Tailors Copilot for instructional design and learning effectiveness.,"Describe your learner population and preferred delivery (classroom, digital, blended); Copilot will adjust content and pacing. Include accessibility requirements.",Intermediate,Custom Instructions,personalization|learning|development
HR-REC-001,Job Description Refinement,Department-Specific,HR,Chat,Licensed M365 Copilot,Talent Acquisition,"Review this job description for [ROLE]. Improve clarity, accuracy, and appeal to candidates. Check for: inclusive language, clear requirements vs. nice-to-haves, and competitive positioning. Is this attractive to top talent?",Strengthens job descriptions for better candidate fit and application quality.,Remove jargon; use inclusive language. Compare to external postings for competitiveness. Test with hiring manager on priorities.,Beginner,Talent Acquisition,job-descriptions|recruiting|attraction
HR-REC-002,Screening Criteria Development,Department-Specific,HR,Chat,Licensed M365 Copilot,Talent Acquisition,"For this [ROLE], create screening criteria: must-haves (deal-breakers), strong-haves (differentiate top candidates), and nice-to-haves. Format as: Criteria | Must-Have | Strong-Have | Assessment Method.",Standardizes candidate evaluation and reduces bias in screening.,"Align criteria with job description and hiring manager input. Use behavioral anchors (e.g., ""managed team of 5+"") instead of subjective terms.",Intermediate,Talent Acquisition,screening|recruiting|bias-reduction
HR-REC-003,Offer Negotiation Guidance,Department-Specific,HR,Chat,Licensed M365 Copilot,Talent Acquisition,"A candidate for [ROLE] countered our offer: [COUNTER_OFFER_DETAILS]. Our target: [TARGET_SALARY/TERMS]. Provide negotiation strategy: what to concede, what to hold firm on, and how to close.",Guides offer negotiations to close strong hires while managing budget.,"Know your walkaway point before negotiating; Copilot will suggest trade-offs. For confidential offers, maintain anonymity in queries.",Intermediate,Talent Acquisition,negotiation|offer-management|retention
HR-REC-005,Candidate Assessment Summary,Department-Specific,HR,Chat,Licensed M365 Copilot,Talent Acquisition,"I've interviewed [NUMBER] candidates for [ROLE]. Summary: [CANDIDATE_NOTES from multiple interviews]. Compare: fit for role, cultural fit, readiness, risk factors. Recommend top [NUMBER] for next round.",Synthesizes interview feedback to support hiring decisions.,Use consistent notes from each interview; Copilot will compare fairly. Include any red flags or standout strengths from interviewers.,Intermediate,Talent Acquisition,candidate-assessment|decision-support|hiring
HR-PMT-001,Performance Review Framework,Department-Specific,HR,Chat,Licensed M365 Copilot,Performance Management,"Create a performance review framework for [ROLE_FAMILY]. Include: [NUMBER] competencies with 3-5 levels each (e.g., Beginner→Expert), behavioral anchors for each level, and rating scale. Format for clarity.",Standardizes performance evaluation across the organization.,Use actual role examples; Copilot will help calibrate levels. Test with managers; iterate on clarity and fairness of levels.,Intermediate,Performance Management,performance-management|consistency|development
HR-PMT-002,Review Comments Improvement,Department-Specific,HR,Chat,Licensed M365 Copilot,Performance Management,"Review these performance comments for [EMPLOYEE]: [COMMENTS]. Are they specific, behavioral, and constructive? Rewrite any that are vague, subjective, or demotivating. Preserve all feedback intent.",Ensures performance feedback is actionable and development-focused.,"Flag generalizations (""good job"", ""not a culture fit""); Copilot will make concrete. Useful before sharing with employees.",Beginner,Performance Management,feedback|development|documentation
HR-PMT-003,Calibration Guidance,Department-Specific,HR,Chat,Licensed M365 Copilot,Performance Management,Our manager gave [NUMBER] employees in [TEAM/DEPARTMENT] these ratings: [RATING_DISTRIBUTION]. Is this distribution reasonable? What patterns suggest potential bias or inconsistency?,Identifies rating distribution anomalies that signal bias or unfair assessment.,Compare to peer departments and company benchmarks; Copilot will flag outliers. Useful during calibration sessions to guide discussion.,Intermediate,Performance Management,calibration|bias-detection|fairness
HR-PMT-004,Succession Planning Input,Department-Specific,HR,Chat,Licensed M365 Copilot,Performance Management,"For this [ROLE], identify high-potential successors from our team. Criteria: performance level, readiness, development needs, timeline to ready. Recommend development actions for top candidates.",Builds pipeline of internal talent for key positions.,Use performance and skill data; Copilot will assess readiness. Consider retention risk for top candidates; plan development carefully.,Intermediate,Performance Management,succession-planning|talent-development|retention
HR-CMP-001,Compensation Benchmarking Request,Department-Specific,HR,Chat,Licensed M365 Copilot,Compensation & Benefits,"For this [ROLE] in [GEOGRAPHY], what is the market compensation range? Consider: base salary, bonus %, benefits, and any special considerations. How does our current pay compare?",Ensures competitive pay to attract and retain talent.,"Use multiple sources (market surveys, recruiters, public data); Copilot will synthesize. Update annually; flag roles that fall behind market.",Intermediate,Compensation & Benefits,compensation|benchmarking|market-analysis
HR-CMP-002,Benefits Program Review,Department-Specific,HR,Chat,Licensed M365 Copilot,Compensation & Benefits,"Review our current benefits offering: [BENEFITS_SUMMARY]. Against peer companies and employee feedback, what's missing? What should we enhance? What can we reduce? Prioritize by impact and cost.",Optimizes benefits to meet employee needs within budget.,"Conduct employee survey on benefits preferences; Copilot will prioritize investments. Balance cost, utilization, and employee satisfaction.",Intermediate,Compensation & Benefits,benefits|total-rewards|employee-engagement
HR-CMP-003,Equity Plan Recommendation,Department-Specific,HR,Chat,Licensed M365 Copilot,Compensation & Benefits,"Our startup/company is considering [EQUITY_TYPE] for retention/alignment. Compare options: stock options, RSUs, profit-sharing, ESPP. What's best for our stage, culture, and goals? Model impact on [NUMBER] employees.",Structures equity programs aligned with business stage and retention needs.,"Consider tax treatment, vesting, and market practice; Copilot will advise. Work with legal and tax before implementing.",Advanced,Compensation & Benefits,equity|retention|alignment
HR-ERL-001,Conflict Resolution Framework,Department-Specific,HR,Chat,Licensed M365 Copilot,Employee Relations,"Two employees, [EMPLOYEE_A] and [EMPLOYEE_B], have ongoing conflict about [ISSUE]. Provide a resolution approach: what information to gather, how to mediate, and next steps. Any escalation triggers?",Guides fair resolution of interpersonal conflicts that impact culture and performance.,"Listen without judgment; involve both parties. Know your escalation path (legal, ethics) for harassment or misconduct.",Intermediate,Employee Relations,conflict-resolution|mediation|culture
HR-ERL-002,Difficult Conversation Preparation,Department-Specific,HR,Chat,Licensed M365 Copilot,Employee Relations,"I need to have a difficult conversation with [EMPLOYEE] about [ISSUE]. Prepare: key messages, anticipated reactions, de-escalation tactics, and next steps. Context: [BACKGROUND].",Prepares managers for sensitive employee discussions.,"Role-play with HR before the conversation; Copilot will help you prepare. Focus on facts, not assumptions; stay calm.",Beginner,Employee Relations,people-management|difficult-conversations|coaching
HR-LND-001,Training Needs Analysis,Department-Specific,HR,Chat,Licensed M365 Copilot,Learning & Development,"For [ROLE_FAMILY or DEPARTMENT], identify top training needs based on: performance gaps, skill requirements, development plans, and business strategy. Prioritize by impact and feasibility.",Aligns learning investments with business and employee goals.,"Survey employees and managers; Copilot will synthesize gaps. Prioritize high-impact, feasible topics for ROI.",Intermediate,Learning & Development,training-needs|development|learning-strategy
HR-LND-002,Learning Program Design,Department-Specific,HR,Chat,Licensed M365 Copilot,Learning & Development,"Design a learning program for [TOPIC]. Audience: [AUDIENCE]. Format: [FORMAT: online, classroom, blended]. Duration: [DURATION]. Structure: modules, assessments, and reinforcement plan.",Blueprints learning experiences aligned with content and learner needs.,"Start with learning objectives; design backwards. Include pre-work, main content, assessment, and reinforcement. Copilot will suggest sequencing.",Intermediate,Learning & Development,learning-design|curriculum|effectiveness
HR-LND-003,Leadership Development Program,Department-Specific,HR,Chat,Licensed M365 Copilot,Learning & Development,"Create a leadership development program for [LEVEL: emerging leaders, managers, senior leaders]. Include: competencies to develop, [NUMBER]-month curriculum, modalities (coaching, cohorts, projects), and success measures.",Builds leadership capability pipeline aligned with organizational needs.,Start with leadership competency model; Copilot will map to curriculum. Include executive coaching and peer learning.,Advanced,Learning & Development,leadership-development|succession-planning|capability-building
HR-EXL-001,Pay Equity Analysis,Department-Specific,HR,Agent-Analyst,Licensed M365 Copilot|Analyst Agent,Compensation & Benefits,"Analyze pay equity across the organization. Compare salary by: role, tenure, performance rating, and demographic factors. Flag any statistically significant gaps (>5% unexplained variance). Recommend remediation priority.",Identifies and addresses potential pay discrimination systematically.,Use statistically sound methods; Copilot will help frame. Involve legal before any external disclosure.,Advanced,Compensation & Benefits,pay-equity|compliance|fairness
HR-EXL-002,Attrition Prediction,Department-Specific,HR,Agent-Analyst,Licensed M365 Copilot|Analyst Agent,Employee Relations,"Model which employees are at risk of attrition in the next [TIMEFRAME]. Use: recent behavior (engagement, performance, internal mobility), tenure, role, and external factors. Identify top [NUMBER] flight risks and retention options.",Enables proactive retention actions before resignations occur.,Use past attrition data to calibrate model; Copilot will improve with feedback. Validate predictions against actual exits.,Advanced,Employee Relations,attrition-prediction|retention|flight-risk-management
HR-EXL-003,Workforce Planning Model,Department-Specific,HR,Agent-Analyst,Licensed M365 Copilot|Analyst Agent,Talent Acquisition,"Model workforce needs for [TEAM or DEPARTMENT] over [TIMEFRAME]. Input: growth plans, productivity rates, retirement projections, attrition rates. Output: headcount requirements, hiring timeline, skills gaps, and development needs.",Aligns headcount planning with business strategy and talent market.,Use historical data on productivity and attrition; Copilot will extrapolate. Validate with business leaders on growth assumptions.,Advanced,Talent Acquisition,workforce-planning|capacity-planning|strategic-staffing
HR-XLS-001,Payroll Validation,Department-Specific,HR,Agent-Excel,Licensed M365 Copilot|Excel Agent,Compensation & Benefits,"[PAYROLL_DATA in Excel: employee list with pay, deductions, taxes]. Validate: all employees paid, no duplicate payments, deductions correct, tax withholding reasonable. Flag discrepancies and missing data.",Catches payroll errors before processing and ensures compliance.,Run monthly as control; Copilot will flag outliers. Verify against timesheets and policy.,Beginner,Compensation & Benefits,payroll-validation|controls|accuracy
HR-XLS-002,Headcount Analysis,Department-Specific,HR,Agent-Excel,Licensed M365 Copilot|Excel Agent,Talent Acquisition,"[HEADCOUNT_DATA in Excel: employees by department, role, tenure, salary, location]. Summarize: headcount by org, turnover by department, cost per employee, any cost/headcount imbalances. Visualize trends.",Monitors workforce composition and efficiency metrics.,Update monthly; Copilot will track trends. Use for budget and planning discussions.,Beginner,Talent Acquisition,headcount-analysis|workforce-metrics|planning
HR-XLS-003,Compensation Modeling,Department-Specific,HR,Agent-Excel,Licensed M365 Copilot|Excel Agent,Compensation & Benefits,"[COMPENSATION_DATA in Excel: roles, current salary, market benchmark, tenure]. Model scenarios: market adjustment, bonus pool, equity refresh. Show impact on headcount cost and competitiveness.",Scenarios compensation changes before rollout and budget submission.,Build dynamic model; Copilot will help with formulas. Model best/worst/likely case for budget planning.,Intermediate,Compensation & Benefits,compensation-modeling|budgeting|planning
HR-XLS-004,Benefits Tracking,Department-Specific,HR,Agent-Excel,Licensed M365 Copilot|Excel Agent,Compensation & Benefits,"[BENEFITS_DATA in Excel: employee enrollment, plan costs, utilization rates, claims]. Track: participation rates, cost per employee, plan health, trends in usage. What's over/under-utilized?",Monitors benefits program performance and cost efficiency.,Match to HRIS; Copilot will validate enrollments. Use to guide benefits communication and optimization.,Beginner,Compensation & Benefits,benefits-tracking|cost-management|utilization
HR-RES-001,Compensation Benchmarking Research,Department-Specific,HR,Agent-Research,Licensed M365 Copilot|Research Agent,Compensation & Benefits,"Research market compensation for [ROLE_FAMILY] in [GEOGRAPHY]. Find: base salary range, bonus %, benefits, and trends. Include [NUMBER] credible sources (surveys, job boards, recruiters). Synthesize into a briefing.",Provides market intelligence for pay decisions and positioning.,Copilot will search; verify sources are recent (last 12 months) and credible. Use multiple sources for confidence.,Intermediate,Compensation & Benefits,market-research|benchmarking|compensation-strategy
HR-RES-002,Regulatory Changes Tracking,Department-Specific,HR,Agent-Research,Licensed M365 Copilot|Research Agent,Employee Relations,"Track employment law changes in [JURISDICTIONS] that affect us: minimum wage, leave requirements, worker classification, discrimination law. What's changed? What do we need to update? Compliance timeline?",Keeps HR policies current with legal requirements across markets.,Set up quarterly; Copilot will find changes. Involve legal; review impact on policy and process.,Advanced,Employee Relations,compliance|regulatory-tracking|legal-monitoring
HR-RES-003,Competitor Benefits Research,Department-Specific,HR,Agent-Research,Licensed M365 Copilot|Research Agent,Compensation & Benefits,Research benefits offered by [NUMBER] competitors/peers in [INDUSTRY/GEOGRAPHY]. What's standard? What's differentiated? How do we compare? Gaps to address? Recommendations for staying competitive.,Benchmarks benefits against market to guide program decisions.,"Find public information (job postings, Glassdoor, company sites); Copilot will synthesize. Look for industry trends and emerging benefits.",Intermediate,Compensation & Benefits,benefits-research|competitive-intelligence|differentiation
HR-NTB-001,Talent Review Brief,Department-Specific,HR,Notebooks,Licensed M365 Copilot|Research Agent,Talent Acquisition,"Prepare a quarterly talent review brief: high-potentials, flight risks, succession candidates, key development needs. Include: assessment summary, calibrated ratings, and action plan. Audience: EXEC_TEAM.",Synthesizes talent assessment into executive briefing for decisions.,"Use performance, feedback, and development data; maintain confidentiality. Present actionable recommendations.",Advanced,Talent Acquisition,talent-management|succession-planning|executive-briefing
HR-NTB-002,Annual Compensation Analysis,Department-Specific,HR,Notebooks,Licensed M365 Copilot|Research Agent,Compensation & Benefits,"Analyze compensation for [DIVISION/DEPARTMENT]: by role, tenure, performance, and demographics. Assess: market competitiveness, internal equity, and any pay gaps. Recommend adjustments for equity and retention.",Comprehensive pay analysis supporting annual cycle and equity review.,Use market data and internal data; Copilot will compare. Involve legal before discussing sensitive findings.,Advanced,Compensation & Benefits,compensation-analysis|equity|planning
CRE-LSE-001,Lease Abstraction,Department-Specific,Corporate Real Estate,Chat,Licensed M365 Copilot,Lease & Portfolio,"Summarize this lease [LEASE_NAME/REFERENCE]: landlord, tenant, sq ft, rent/year, term (start-end), renewal options, key clauses (options, escalations, maintenance). Flag any unusual terms.",Extracts key lease data for portfolio management and decision-making.,Use lease text or summary; Copilot will synthesize. Useful for rent payment planning and renewal calendars.,Beginner,Lease & Portfolio,lease-abstraction|portfolio-management|efficiency
CRE-LSE-002,Lease Negotiation Strategy,Department-Specific,Corporate Real Estate,Chat,Licensed M365 Copilot,Lease & Portfolio,"We're negotiating renewal for [LEASE/PROPERTY]. Current: [CURRENT_TERMS]. Market: [MARKET_CONDITIONS]. Landlord asking: [ASKING_TERMS]. Strategy: what to push back on, what to concede, and how to close below asking.",Guides lease negotiations to protect financial and operational interests.,Know your BATNA (alternative space) before negotiating; Copilot will suggest leverage points. Document all assumptions.,Intermediate,Lease & Portfolio,negotiation|lease-management|cost-control
CRE-LSE-003,Portfolio Rationalization,Department-Specific,Corporate Real Estate,Chat,Licensed M365 Copilot,Lease & Portfolio,"We have [NUMBER] leases across [GEOGRAPHY]. Analyze: utilization, cost/sq ft, term remaining, and strategic fit. Which should we exit, consolidate, or expand? Model the impact on cost and employee experience.",Identifies opportunities to optimize real estate footprint and cost.,"Use occupancy, headcount, and lease data; Copilot will prioritize. Model exit costs; consider strategic value of locations.",Advanced,Lease & Portfolio,portfolio-optimization|cost-reduction|strategic-planning
CRE-LSE-004,Rent Payment Forecasting,Department-Specific,Corporate Real Estate,Chat,Licensed M365 Copilot,Lease & Portfolio,"Create a rent payment forecast for [TIMEFRAME] across all leases. Include: base rent, escalations, CAM, renewals coming due, and any options to exercise. What's the cash impact? Any surprises?",Forecasts real estate cash obligations for financial planning.,Build a model; Copilot will help structure. Update as renewals finalize.,Beginner,Lease & Portfolio,forecasting|cash-management|planning
CRE-SPC-001,Space Planning Guidance,Department-Specific,Corporate Real Estate,Chat,Licensed M365 Copilot,Space Planning,"For this [OFFICE/FACILITY], we're planning [PROJECT_SCOPE: expansion, reconfiguration, contraction]. Current: [CURRENT_STATE]. Goal: [GOAL: cost reduction, collaboration, flexibility]. What's the optimal layout? What trade-offs?",Designs workplace layouts aligned with business and employee needs.,Involve employees in planning; Copilot will suggest layouts based on space needs. Consider future flexibility.,Intermediate,Space Planning,space-planning|workplace-design|employee-experience
CRE-SPC-002,Occupancy Analysis,Department-Specific,Corporate Real Estate,Chat,Licensed M365 Copilot,Space Planning,"Analyze occupancy data for [FACILITY]: badge swipes, desk usage, conference room bookings, and employee feedback. What's the utilization? Are we over-provisioned? Any space underutilized?",Measures real estate utilization to guide space and cost optimization.,"Use real sensor data or proxy metrics; Copilot will interpret. Consider work patterns (hybrid, in-office) in analysis.",Intermediate,Space Planning,occupancy-analysis|utilization|data-driven-decisions
CRE-SPC-003,Workplace Flexibility Planning,Department-Specific,Corporate Real Estate,Chat,Licensed M365 Copilot,Space Planning,"We're moving to [WORK_MODEL: flexible, hybrid, remote]. How should we redesign [FACILITY]? Space needs, amenities, technology. What's the employee impact? Cost savings? Implementation timeline?",Aligns workplace design with modern work models and flexibility needs.,Survey employees on work preferences; Copilot will guide design. Model cost/headcount implications.,Intermediate,Space Planning,hybrid-work|workplace-design|flexibility
CRE-FAC-001,Facilities Maintenance Plan,Department-Specific,Corporate Real Estate,Chat,Licensed M365 Copilot,Facilities,"Create a preventive maintenance schedule for [FACILITY]. Assets: [ASSET_LIST]. Current: [CURRENT_CONDITION]. Goal: minimize downtime, extend asset life, manage costs. What maintenance should we do? When? Budget?",Systematizes facility maintenance to prevent costly failures and extend asset life.,Use asset manuals and vendor recommendations; Copilot will build schedule. Track maintenance costs for ROI.,Beginner,Facilities,maintenance-planning|asset-management|cost-control
CRE-FAC-002,Energy Efficiency Roadmap,Department-Specific,Corporate Real Estate,Chat,Licensed M365 Copilot,Facilities,"Audit [FACILITY] for energy efficiency: current consumption, benchmarks, and opportunities. Recommend: lighting upgrades, HVAC optimization, metering, and behavior change. Model payback and CO2 reduction.",Identifies and prioritizes energy efficiency investments with clear ROI.,Start with audit data; Copilot will prioritize by payback. Include behavior change (employee engagement) in plan.,Intermediate,Facilities,energy-efficiency|sustainability|cost-reduction
CRE-FAC-003,Vendor Management,Department-Specific,Corporate Real Estate,Chat,Licensed M365 Copilot,Facilities,"Evaluate facilities vendors [VENDOR_NAMES]: service levels, response times, quality, and cost. How are they performing? Should we renegotiate, replace, or consolidate? Strategy for next contract?",Optimizes facilities vendor performance and cost through disciplined contracting.,Track performance against SLAs; Copilot will assess. Consolidate where possible for leverage.,Intermediate,Facilities,vendor-management|cost-optimization|performance-tracking
CRE-SUS-001,Sustainability Strategy Development,Department-Specific,Corporate Real Estate,Chat,Licensed M365 Copilot,Sustainability,"Develop a real estate sustainability strategy for [COMPANY/DIVISION]. Goals: [GOALS]. Current state: [CURRENT_STATE]. Recommend: priority initiatives, timeline, investment, and carbon impact. Link to business strategy.",Aligns real estate sustainability with business goals and stakeholder expectations.,Start with materiality assessment (what matters most); Copilot will prioritize. Get stakeholder input on targets.,Advanced,Sustainability,sustainability-strategy|ESG|carbon-reduction
CRE-SUS-002,LEED/Certification Path,Department-Specific,Corporate Real Estate,Chat,Licensed M365 Copilot,Sustainability,"We're considering [CERTIFICATION: LEED, BREEAM, Living Building Challenge] for [FACILITY]. What's involved? Timeline? Cost? What's the business/brand value? Is it worth it?",Evaluates sustainability certifications for buildings vs. investment and market value.,Research certification requirements; Copilot will outline process. Model cost and ROI.,Intermediate,Sustainability,certification|sustainability|investment-analysis
CRE-SUS-003,Supply Chain Sustainability,Department-Specific,Corporate Real Estate,Chat,Licensed M365 Copilot,Sustainability,"Evaluate sustainability of our real estate supply chain: contractors, vendors, materials. What are the risks (labor, environment, compliance)? What standards should we require? How to enforce?",Ensures real estate supply chain aligns with sustainability and ethics standards.,Audit vendor practices; Copilot will assess risks. Build compliance requirements into contracts.,Intermediate,Sustainability,supply-chain|governance|ethics
CRE-XLS-001,Lease Cost Tables,Department-Specific,Corporate Real Estate,Agent-Excel,Licensed M365 Copilot|Excel Agent,Lease & Portfolio,"[LEASE_DATA in Excel: all leases with rent, escalations, terms]. Create a model showing: annual rent by lease, cumulative annual cost, cost per sq ft trends, and any renewal dates. What's the total occupancy cost?",Models lease cost obligations and trends for budgeting and planning.,Update as leases finalize; Copilot will maintain model. Use for rent accrual and cash forecasting.,Beginner,Lease & Portfolio,lease-modeling|budgeting|forecasting
CRE-XLS-002,Utility Tracking,Department-Specific,Corporate Real Estate,Agent-Excel,Licensed M365 Copilot|Excel Agent,Facilities,"[UTILITY_DATA in Excel: monthly electric, water, gas for each facility]. Summarize: total cost, cost per sq ft, trends, and seasonal patterns. Flag any anomalies (usage spikes, billing errors).",Monitors utility costs for efficiency and anomaly detection.,Benchmark vs. industry; Copilot will spot outliers. Use for efficiency planning.,Beginner,Facilities,utilities|cost-management|monitoring
CRE-XLS-003,Occupancy Rate Tracking,Department-Specific,Corporate Real Estate,Agent-Excel,Licensed M365 Copilot|Excel Agent,Space Planning,"[OCCUPANCY_DATA in Excel: facility, capacity, current occupancy, trends over time]. Calculate: occupancy rate (%), utilization trend, and cost per employee. Is space being used effectively?",Tracks real estate utilization for space and cost optimization.,Use badge data or survey; Copilot will calculate efficiency. Compare across facilities and time.,Beginner,Space Planning,occupancy-tracking|utilization|efficiency
CRE-RES-001,Market Rent Analysis,Department-Specific,Corporate Real Estate,Agent-Research,Licensed M365 Copilot|Research Agent,Lease & Portfolio,Research market rent for [ASSET_TYPE] in [MARKET]. What's the current rate per sq ft? Trends? Competitive inventory? This data informs renewal negotiations and lease decisions.,Benchmarks your lease costs against market for negotiation positioning.,Find recent comps in your market; Copilot will synthesize. Use for negotiation leverage.,Intermediate,Lease & Portfolio,market-analysis|benchmarking|negotiation
CRE-RES-002,Sustainability Regulations,Department-Specific,Corporate Real Estate,Agent-Research,Licensed M365 Copilot|Research Agent,Sustainability,"Research building sustainability regulations in [JURISDICTIONS]: energy codes, emissions limits, water conservation, certifications required. What's changing? What do we need to comply with?",Keeps real estate operations compliant with evolving regulations and standards.,Set up quarterly tracking; Copilot will find changes. Involve legal/compliance.,Advanced,Sustainability,compliance|regulatory-tracking|sustainability
CRE-RES-003,Smart Building Technology,Department-Specific,Corporate Real Estate,Agent-Research,Licensed M365 Copilot|Research Agent,Facilities,"Research smart building technologies that could improve [FACILITY]: IoT sensors, energy management, space management, security. What's available? Cost? ROI? Implementation considerations?",Identifies technology investments to optimize facility operations and experience.,Evaluate based on your facility and priorities; Copilot will research options. Pilot before scaling.,Intermediate,Facilities,smart-buildings|technology|optimization
CRE-ANL-002,Energy Forecasting,Department-Specific,Corporate Real Estate,Agent-Analyst,Licensed M365 Copilot|Analyst Agent,Facilities,"Forecast [FACILITY] energy consumption for [TIMEFRAME] based on: historical usage, efficiency upgrades planned, weather patterns, and occupancy. Model: best case (efficiency wins), base case, and worst case.",Predicts energy costs and impact of efficiency initiatives for budgeting.,Use historical data and audit findings; Copilot will extrapolate. Update forecasts as efficiency projects complete.,Intermediate,Facilities,forecasting|energy-management|budgeting
CRE-ANL-003,ROI Modeling for Investments,Department-Specific,Corporate Real Estate,Agent-Analyst,Licensed M365 Copilot|Analyst Agent,Sustainability,"Model ROI for a real estate investment [PROJECT_DESCRIPTION]: capital cost, payback, net present value, and intangible benefits (employee experience, sustainability). Should we invest?",Quantifies business case for real estate projects and prioritizes investment.,"Build financial model with assumptions; Copilot will calculate. Sensitivity test key variables (discount rate, payback period).",Advanced,Sustainability,ROI-analysis|investment-prioritization|decision-support
CRE-NTB-001,Quarterly Portfolio Review,Department-Specific,Corporate Real Estate,Notebooks,Licensed M365 Copilot|Research Agent,Lease & Portfolio,"Prepare a quarterly real estate portfolio review: occupancy, cost, lease expiries, key issues, and recommendations. Audience: CFO/CEO. Include: YoY comparison, trend analysis, and action items.",Executive briefing on real estate performance and strategic initiatives.,"Use portfolio data, lease schedule, and market intelligence; Copilot will synthesize. Flag lease renewals and expiries coming due.",Advanced,Lease & Portfolio,executive-briefing|portfolio-management|strategic-planning
MKT-CMP-001,Campaign Strategy Development,Department-Specific,Marketing,Chat,Licensed M365 Copilot,Campaign & Content,"Develop a campaign strategy for [CAMPAIGN_NAME]: goal, audience, key message, channels, timeline, and budget. Competitive landscape: [LANDSCAPE]. How will we stand out? What's the call-to-action?",Blueprints campaign execution aligned with business objectives and audience.,"Define campaign goal (awareness, consideration, conversion); Copilot will structure. Validate against audience insights.",Intermediate,Campaign & Content,campaign-planning|strategy|execution
MKT-CMP-003,Content Refinement,Department-Specific,Marketing,Chat,Licensed M365 Copilot,Campaign & Content,"Review this marketing content [PIECE]: [CONTENT]. Improve: clarity, persuasiveness, brand voice, call-to-action, and fit with audience. Preserve message intent; tighten by [%].",Enhances content for greater impact and engagement.,Describe target audience and conversion goal; Copilot will optimize for impact. A/B test versions if possible.,Beginner,Campaign & Content,content-refinement|optimization|engagement
MKT-MKR-001,Market Research Synthesis,Department-Specific,Marketing,Chat,Licensed M365 Copilot,Market Research,"Synthesize market research on [TOPIC/MARKET]: [RESEARCH_SOURCES]. What are customer needs, pain points, buying criteria, and trends? How should this shape our strategy?",Translates research into actionable market insights and strategy.,"Use primary research (surveys, interviews) and secondary (reports, articles); Copilot will synthesize. Look for signals of shifting needs.",Intermediate,Market Research,market-insights|research-synthesis|strategy
MKT-MKR-002,Competitive Positioning,Department-Specific,Marketing,Chat,Licensed M365 Copilot,Market Research,"Analyze competitive landscape for [MARKET/SEGMENT]: who are competitors, their positioning, strengths/weaknesses, and market share. Where's the opportunity for us? How do we differentiate?",Identifies competitive opportunities and positions offerings for advantage.,"Use public sources (websites, press, reviews) and customer feedback; Copilot will assess. Map positioning against key dimensions (price, quality, service).",Intermediate,Market Research,competitive-analysis|positioning|differentiation
MKT-MKR-003,Customer Segment Analysis,Department-Specific,Marketing,Chat,Licensed M365 Copilot,Market Research,"We're targeting these customer segments: [SEGMENTS]. For each, analyze: size, growth, needs, buying behavior, and willingness to pay. Recommend: which to focus on? Why?",Prioritizes market segments for focus and resource allocation.,"Use market research, customer data, and sales insights; Copilot will assess attractiveness. Score by size, growth, margins.",Intermediate,Market Research,segmentation|prioritization|strategy
MKT-MKR-004,"Pricing Strategy""",Department-Specific,Marketing,Chat,Licensed M365 Copilot,Market Research,"For [PRODUCT/SERVICE], develop pricing strategy. Current: [CURRENT_PRICING]. Competitors: [COMPETITOR_PRICES]. Customer value perception: [VALUE]. Recommend: price point, bundling, and promotional approach.",Optimizes pricing for competitive advantage and revenue growth.,Use value-based pricing where possible (not just cost+); Copilot will structure. Validate with customers before launch.,Intermediate,Market Research,pricing-strategy|revenue-optimization|competitive-positioning
MKT-BRD-001,Brand Guidelines Review,Department-Specific,Marketing,Chat,Licensed M365 Copilot,Brand & Communications,"Review this brand asset [ASSET] against our guidelines: [BRAND_GUIDE_SUMMARY]. Does it align? Any tone, visual, or messaging issues? How should we fix it?",Ensures brand consistency across touchpoints and reinforces identity.,Use official brand guide; Copilot will spot deviations. Build templates for consistency across teams.,Beginner,Brand & Communications,brand-compliance|consistency|governance
MKT-BRD-002,Crisis Communication Plan,Department-Specific,Marketing,Chat,Licensed M365 Copilot,Brand & Communications,"Prepare a crisis communication plan: anticipated crises for [COMPANY/INDUSTRY], response templates, approval chains, and key messages. How will we respond quickly while protecting reputation?",Prepares organization for reputation-threatening situations.,Identify credible crisis scenarios; Copilot will draft response templates. Align with legal/compliance on messaging.,Advanced,Brand & Communications,crisis-communication|reputation-management|preparedness
MKT-BRD-003,"Stakeholder Communication""",Department-Specific,Marketing,Chat,Licensed M365 Copilot,Brand & Communications,Plan internal/external communications for [INITIATIVE/NEWS]. Stakeholders: [STAKEHOLDERS]. Key message: [MESSAGE]. Channels/timing: [PLAN]. How to manage expectations and concerns?,Coordinates stakeholder communication to ensure alignment and understanding.,Tailor message for each stakeholder type; Copilot will help. Anticipate concerns and address proactively.,Intermediate,Brand & Communications,stakeholder-communication|internal-comms|change-management
MKT-BRD-004,Employee Advocacy Program,Department-Specific,Marketing,Chat,Licensed M365 Copilot,Brand & Communications,"Design an employee advocacy program: goal (amplify reach? brand awareness?), content, incentives, and ease of participation. How will employees share and what should they say?",Mobilizes employees as authentic brand ambassadors for greater reach.,Make it easy to participate; provide content and talking points. Track participation and impact; celebrate advocates.,Intermediate,Brand & Communications,employee-advocacy|social-media|amplification
MKT-XLS-001,Campaign ROI Tracking,Department-Specific,Marketing,Agent-Excel,Licensed M365 Copilot|Excel Agent,Campaign & Content,"[CAMPAIGN_DATA in Excel: spend by channel, impressions, clicks, conversions, revenue]. Calculate: ROI by channel, cost per conversion, payback period. Which channels are driving value?",Measures campaign effectiveness and guides budget allocation.,Connect spend to conversions and revenue; Copilot will calculate ROI. Use for channel optimization.,Beginner,Campaign & Content,ROI-tracking|performance-analytics|optimization
MKT-XLS-002,Media Spend Allocation,Department-Specific,Marketing,Agent-Excel,Licensed M365 Copilot|Excel Agent,Campaign & Content,"[SPEND_DATA in Excel: historical spend by channel and performance]. Model: if we shift [X]% budget from Channel A to Channel B, what's the impact on ROI and reach? Recommend optimal allocation.",Optimizes budget allocation based on channel performance.,Use historical performance data; Copilot will model scenarios. Validate assumptions with team.,Intermediate,Campaign & Content,budget-optimization|resource-allocation|ROI
MKT-XLS-003,Content Calendar Tracking,Department-Specific,Marketing,Agent-Excel,Licensed M365 Copilot|Excel Agent,Campaign & Content,"[CONTENT_DATA in Excel: planned and published content by date, type, channel, performer (views, engagement, conversions)]. Track: publication rate, performance trends. What content resonates?",Monitors content production and performance for optimization.,Update weekly; Copilot will track trends. Use for future content planning.,Beginner,Campaign & Content,content-tracking|performance-analytics|planning
MKT-RES-001,Competitive Positioning Research,Department-Specific,Marketing,Agent-Research,Licensed M365 Copilot|Research Agent,Market Research,"Research competitors in [MARKET]: positioning, messaging, pricing, recent campaigns. What are they emphasizing? Where's our differentiation opportunity?",Synthesizes competitive intelligence to inform positioning strategy.,Use public sources and customer feedback; Copilot will synthesize. Monitor competitor activity regularly.,Intermediate,Market Research,competitive-intelligence|positioning|differentiation
MKT-RES-002,Industry Trends Research,Department-Specific,Marketing,Agent-Research,Licensed M365 Copilot|Research Agent,Market Research,"Research trends in [INDUSTRY/MARKET]: emerging technologies, customer preferences, competitive landscape changes. What should we be watching? What's an opportunity? What's a threat?",Identifies industry shifts and emerging opportunities for strategy.,"Monitor industry publications, analyst reports, and customer feedback; Copilot will synthesize trends. Anticipate impact on business.",Intermediate,Market Research,trend-analysis|market-intelligence|strategy
MKT-RES-003,Customer Audience Research,Department-Specific,Marketing,Agent-Research,Licensed M365 Copilot|Research Agent,Market Research,"Research your target customers for [SEGMENT]: demographics, psychographics, needs, pain points, media consumption, buying behavior. What resonates with them?",Deepens customer understanding to guide messaging and channel strategy.,"Use surveys, interviews, social listening, and reviews; Copilot will synthesize. Validate assumptions with direct customer conversations.",Intermediate,Market Research,customer-research|audience-insights|personalization
MKT-ANL-001,Attribution Modeling,Department-Specific,Marketing,Agent-Analyst,Licensed M365 Copilot|Analyst Agent,Campaign & Content,"Model how different marketing touchpoints contribute to conversion for [CAMPAIGN/PRODUCT]. Use: first-touch, last-touch, and multi-touch attribution. What's the true ROI of each channel?",Clarifies channel contribution to conversion for smarter budget allocation.,Use customer journey data; Copilot will model attribution. Multi-touch is more accurate but complex; start there.,Advanced,Campaign & Content,attribution-modeling|performance-analytics|ROI
MKT-ANL-002,Customer Lifetime Value Analysis,Department-Specific,Marketing,Agent-Analyst,Licensed M365 Copilot|Analyst Agent,Campaign & Content,"Calculate Customer Lifetime Value (CLV) for [CUSTOMER_SEGMENT]. Input: acquisition cost, average annual spend, margin, churn rate, and growth. What's the ROI of acquiring this segment?",Quantifies customer value to guide acquisition and retention investment.,Use historical customer data; Copilot will calculate CLV. Use for CAC (customer acquisition cost) benchmarking.,Advanced,Campaign & Content,CLV-analysis|customer-economics|ROI
MKT-ANL-003,Campaign Optimization,Department-Specific,Marketing,Agent-Analyst,Licensed M365 Copilot|Analyst Agent,Campaign & Content,"Optimize [CAMPAIGN]: A/B test results, audience segments, messaging variations, and channel mix. What combinations drove best results? Recommendations for next iteration?",Identifies winning campaign elements for replication and scaling.,Use experimental data; Copilot will identify patterns. Validate before scaling; statistically significant results matter.,Advanced,Campaign & Content,campaign-optimization|testing|performance-analytics
MKT-NTB-001,Quarterly Campaign Review,Department-Specific,Marketing,Notebooks,Licensed M365 Copilot|Research Agent,Campaign & Content,"Prepare a quarterly marketing review: campaigns launched, performance vs. goals, learnings, and recommendations for next quarter. Audience: CMO/CEO. Include: ROI, key metrics, and strategic insights.",Executive briefing on marketing performance and strategic initiatives.,"Use campaign data, performance analytics, and strategic context; Copilot will synthesize. Include competitive and market context.",Advanced,Campaign & Content,executive-briefing|performance-review|strategic-planning
MKT-NTB-002,Brand Strategy Brief,Department-Specific,Marketing,Notebooks,Licensed M365 Copilot|Research Agent,Brand & Communications,"Develop a brand strategy brief: current positioning, target audience, desired perception, key messages, and brand experience. How should we evolve to stay relevant? What's our brand promise?",Comprehensive brand strategy guiding all marketing and communications.,"Use customer research, competitive analysis, and brand assessment; Copilot will synthesize. Validate with leadership and customers.",Advanced,Brand & Communications,brand-strategy|positioning|differentiation
MKT-NTB-003,Market Entry Strategy,Department-Specific,Marketing,Notebooks,Licensed M365 Copilot|Research Agent,Market Research,"Plan market entry for [MARKET/GEOGRAPHY]: opportunity assessment, target segments, competitive landscape, go-to-market strategy, and resource plan. When should we enter? How?",Comprehensive plan for entering new markets successfully.,"Use market research, competitive intelligence, and resource assessment; Copilot will structure. Validate with cross-functional team.",Advanced,Market Research,market-entry|strategy|go-to-market
MKT-NTB-004,Content Strategy Plan,Department-Specific,Marketing,Notebooks,Licensed M365 Copilot|Research Agent,Campaign & Content,"Develop a [TIMEFRAME] content strategy: goals, audience segments, content themes, distribution channels, production plan, and success metrics. How will content support business objectives?",Strategic framework for content production and distribution.,"Use audience research, business goals, and content inventory; Copilot will synthesize. Build editorial calendar from strategy.",Advanced,Campaign & Content,content-strategy|strategic-planning|execution
PRO-VEN-001,Vendor Evaluation Scorecard,Department-Specific,Procurement,Chat,Licensed M365 Copilot,Vendor Management,"Create a vendor evaluation scorecard for [VENDOR_ROLE]: criteria (quality, price, terms, service, innovation), weights, and rating scale. Score [VENDOR_NAMES]. Who's the best fit for [USE_CASE]?",Standardizes vendor evaluation to ensure fair comparison and good choices.,Include cost and non-cost criteria; weight by importance. Involve stakeholders in defining criteria.,Beginner,Vendor Management,vendor-evaluation|sourcing|decision-making
PRO-VEN-002,Contract Analysis Checklist,Department-Specific,Procurement,Chat,Licensed M365 Copilot,Contract Analysis,"Review this vendor contract [CONTRACT]: terms, pricing, liability, IP, and termination clauses. Flag risks, unfavorable terms, and negotiation opportunities. Recommend changes for [YOUR_PRIORITY].",Identifies contract risks and opportunities for negotiation.,Use company standard templates; Copilot will highlight deviations. Involve legal for complex contracts.,Intermediate,Contract Analysis,contract-review|risk-management|negotiation
PRO-VEN-003,Vendor Consolidation Strategy,Department-Specific,Procurement,Chat,Licensed M365 Copilot,Vendor Management,"We have [NUMBER] vendors for [CATEGORY]. Consolidation opportunity: reduce count to [TARGET], increase volume discounts, and improve management. Which vendors to keep? Consolidation roadmap?",Simplifies vendor portfolio for cost savings and relationship management.,"Analyze spend, performance, and strategic fit; Copilot will recommend. Plan transition carefully to avoid disruption.",Intermediate,Vendor Management,vendor-consolidation|cost-reduction|simplification
PRO-SPD-001,Spend Analysis,Department-Specific,Procurement,Chat,Licensed M365 Copilot,Spend Analysis,"Analyze spend for [CATEGORY]: total spend, top vendors, trends, and opportunities. Where can we reduce cost or consolidate? Any contracts expiring? Risk in this category?",Maps spending to identify optimization and risk management opportunities.,"Use spend data by vendor, commodity, and time; Copilot will categorize. Identify quick wins and strategic opportunities.",Beginner,Spend Analysis,spend-analysis|cost-reduction|opportunity-identification
PRO-SPD-002,RFx Response Review,Department-Specific,Procurement,Chat,Licensed M365 Copilot,Sourcing,"We sent an RFP/RFQ for [CATEGORY]. Responses received from [NUMBER] vendors. Analyze: completeness of responses, price competitiveness, capability fit, and recommendation for next round.",Streamlines RFx evaluation and supports supplier selection decision.,Score against RFP criteria; Copilot will compare. Prepare negotiations with top vendors.,Intermediate,Sourcing,RFx-evaluation|sourcing|decision-making
PRO-RFP-001,RFP Development,Department-Specific,Procurement,Chat,Licensed M365 Copilot,Sourcing,"Create an RFP for [CATEGORY/SERVICE]: requirements, scope, evaluation criteria, timeline, and contract terms. What should we ask vendors to demonstrate capability and fit?",Structures vendor solicitation to ensure quality responses and fair evaluation.,Start with requirements and success criteria; Copilot will build RFP structure. Circulate to stakeholders for input.,Intermediate,Sourcing,RFP-development|sourcing|vendor-selection
PRO-XLS-001,Vendor Scorecard,Department-Specific,Procurement,Agent-Excel,Licensed M365 Copilot|Excel Agent,Vendor Management,"[VENDOR_DATA in Excel: vendor names, performance metrics (quality, on-time delivery, responsiveness, innovation), and scores]. Summarize: top performers, underperformers, and performance trends.",Tracks vendor performance for continuous improvement and risk management.,Update quarterly; Copilot will flag trends. Use for performance discussions and contract renewals.,Beginner,Vendor Management,vendor-management|performance-tracking|accountability
PRO-XLS-002,Spend Category Analysis,Department-Specific,Procurement,Agent-Excel,Licensed M365 Copilot|Excel Agent,Spend Analysis,"[SPEND_DATA in Excel: by vendor, category, time]. Analyze: top categories, top vendors, spend trends, and savings opportunities. Where's the biggest spend? What's growing? What can we reduce?",Identifies spend patterns and opportunities for targeted procurement initiatives.,Categorize spend consistently; Copilot will rank by opportunity. Use for strategic sourcing decisions.,Beginner,Spend Analysis,spend-analysis|cost-reduction|category-management
PRO-RES-001,Supplier Intelligence Research,Department-Specific,Procurement,Agent-Research,Licensed M365 Copilot|Research Agent,Vendor Management,"Research supplier [SUPPLIER_NAME/CATEGORY]: financial health, ownership, capabilities, certifications, customer references, risk factors. Should we diversify suppliers in this category?",Assesses supplier viability and risk for relationship and continuity planning.,"Use public sources, credit reports, and customer reviews; Copilot will synthesize. Monitor for changes in supplier health.",Intermediate,Vendor Management,supplier-intelligence|risk-management|due-diligence
PRO-NTB-001,Annual Vendor Review,Department-Specific,Procurement,Notebooks,Licensed M365 Copilot|Research Agent,Vendor Management,"Prepare an annual vendor review: performance summary, cost trend, risk assessment, and recommendations (continue, consolidate, replace, or expand). Audience: procurement leadership.",Executive briefing on vendor portfolio health and strategic actions.,"Use vendor scorecard, spend data, and market intelligence; Copilot will synthesize. Include action items.",Advanced,Vendor Management,vendor-management|executive-briefing|strategic-planning
PRO-NTB-002,Category Strategy,Department-Specific,Procurement,Notebooks,Licensed M365 Copilot|Research Agent,Spend Analysis,"Develop sourcing strategy for [CATEGORY]: market analysis, competitive landscape, supplier options, and recommended approach (single-source, multi-source, insource). Cost target? Timeline?",Strategic sourcing plan for major spend categories.,"Use market research, spend analysis, and business requirements; Copilot will synthesize. Validate with stakeholders.",Advanced,Spend Analysis,sourcing-strategy|category-management|cost-optimization
PRO-NTB-004,Contract Portfolio Review,Department-Specific,Procurement,Notebooks,Licensed M365 Copilot|Research Agent,Contract Analysis,"Review [CATEGORY] contract portfolio: terms, pricing, expirations, risk factors, and recommendations. Which contracts need renegotiation? When? What are the goals?",Comprehensive portfolio management to identify renewal and renegotiation opportunities.,Use contract data and market intelligence; Copilot will assess. Prioritize based on spend and expiry.,Advanced,Contract Analysis,contract-management|portfolio-review|strategic-planning
TWF-CPL-001,Draft from Notes,Themed Workflow,Universal,Chat,Copilot Chat Only,Content Pipeline,I have notes from [EVENT_TYPE]: [NOTES]. Draft content about [TOPIC] for [AUDIENCE]. Style: [STYLE]. Length: [LENGTH]. Capture the key insights and make it engaging.,Converts raw notes into publishable content assets efficiently.,Organize notes by theme first; Copilot will draft. Review for accuracy and consistency.,Beginner,Content Pipeline,content-drafting|efficiency|publishing
TWF-CPL-004,Compare Content Versions,Themed Workflow,Universal,Chat,Copilot Chat Only,Content Pipeline,Compare these [NUMBER] versions of [CONTENT]: [VERSION_DETAILS]. What's different? Which version is stronger and why? How should we merge or choose?,Evaluates alternative drafts to select or combine the strongest elements.,"Score each on clarity, persuasiveness, and fit; Copilot will compare. Use for collaborative writing.",Intermediate,Content Pipeline,version-comparison|editing|collaboration
TWF-CPL-005,Consolidate Feedback,Themed Workflow,Universal,Chat,Copilot Chat Only,Content Pipeline,"I've gathered feedback on this draft [DRAFT] from [NUMBER] reviewers: [FEEDBACK_SUMMARY]. Consolidate feedback: common themes, conflicts, and recommendations. How should I revise?",Synthesizes multiple feedback inputs into coherent revision guidance.,"Categorize feedback (critical, important, nice-to-have); Copilot will prioritize. Resolve conflicts by asking for clarification.",Beginner,Content Pipeline,feedback|synthesis|revision
TWF-CPL-006,Polish Final Draft,Themed Workflow,Universal,Chat,Copilot Chat Only,Content Pipeline,"Polish this [CONTENT_TYPE] for publication: review for flow, clarity, tone, impact, and brand alignment. Make it ready for [PUBLISHER/AUDIENCE]. Tighten by [%] without losing substance.",Final edit before publication to ensure quality and consistency.,"Review for typos, grammar, consistency; Copilot will polish. Have fresh eyes review before publishing.",Beginner,Content Pipeline,editing|publication-readiness|quality-assurance
TWF-CPL-007,Publication Review Checklist,Themed Workflow,Universal,Chat,Copilot Chat Only,Content Pipeline,This [CONTENT_TYPE] is ready for publication. Checklist: headline compelling? Message clear? Call-to-action present? Brand voice consistent? Links/images working? Any errors or issues?,Pre-publication quality and compliance check.,Use a checklist to ensure consistency; Copilot will help. Get second review if high-stakes content.,Beginner,Content Pipeline,quality-assurance|pre-publication|checklist
PWP-DRF-001,Create from Notes,Themed Workflow,Universal,Chat,Copilot Chat Only,PowerPoint,"I have meeting notes/talking points: [NOTES]. Create a [LENGTH]-slide presentation outline for [AUDIENCE]. Structure: [STRUCTURE: narrative arc, problem-solution, etc.]. Key messages: [MESSAGES].",Scaffolds presentation from raw notes quickly.,Provide main talking points; Copilot will suggest slide structure. Use this as outline; you fill in details and visuals.,Beginner,PowerPoint,presentation-development|efficiency|outline
PWP-DRF-002,Create from Document,Themed Workflow,Universal,Chat,Copilot Chat Only,PowerPoint,"I have a document [DOCUMENT] about [TOPIC]. Create a [LENGTH]-slide presentation for [AUDIENCE] that: distills key insights, tells a compelling story, and drives [CALL_TO_ACTION].",Extracts narrative from long-form content for presentation format.,"Identify core story first; Copilot will map to slides. Remove jargon and detail; presentations are navigation aids, not documents.",Intermediate,PowerPoint,content-extraction|presentation-design|storytelling
PWP-DRF-003,Create from Transcript,Themed Workflow,Universal,Chat,Copilot Chat Only,PowerPoint,"I have a transcript of [EVENT_TYPE]: [TRANSCRIPT]. Create a [LENGTH]-slide presentation for [AUDIENCE] that captures: key message, supporting evidence, and next steps.",Transforms spoken word into presentation narrative and structure.,Identify main narrative and key quotes; Copilot will structure slides. Remove digressions and filler.,Intermediate,PowerPoint,transcription|presentation-design|content-creation
PWP-UPD-001,Update Existing Presentation,Themed Workflow,Universal,Chat,Copilot Chat Only,PowerPoint,"This presentation [DECK_DETAILS] needs updating for [REASON: new data, changed situation, different audience]. What slides change? What new slides do we need? How to maintain flow?",Guides iterative presentation updates without starting from scratch.,"Identify what changed (data, audience, message) first; Copilot will suggest updates. Preserve core narrative.",Intermediate,PowerPoint,updates|iteration|efficiency
PWP-VIS-001,Improve Visuals,Themed Workflow,Universal,Chat,Copilot Chat Only,PowerPoint,"This presentation has [CURRENT_STATE: walls of text, dated visuals, poor charts]. Redesign for visual impact: cleaner layouts, better charts, compelling imagery, and clearer hierarchy.",Enhances visual design for engagement and clarity.,Use white space; one idea per slide. Replace complex tables with clear charts; use visuals to support narrative.,Intermediate,PowerPoint,design|visual-hierarchy|engagement
PWP-RES-001,Restructure Presentation,Themed Workflow,Universal,Chat,Copilot Chat Only,PowerPoint,This presentation [CURRENT_STRUCTURE] needs restructuring for [NEW_AUDIENCE or GOAL]. How should we reorder? What emphasizes [KEY_MESSAGE]? What can we remove or combine?,Reorganizes existing content for better impact with new context or audience.,Identify core narrative; Copilot will suggest better flow. Test new structure with audience to validate.,Intermediate,PowerPoint,restructuring|audience-adaptation|narrative-design
PWP-SPK-001,Speaker Notes,Themed Workflow,Universal,Chat,Copilot Chat Only,PowerPoint,"Create speaker notes for this [LENGTH]-slide presentation on [TOPIC]. Each slide should have: main talking point, supporting detail, timing (~[DURATION] per slide), and transitions to next slide.",Provides presenter guidance for confident delivery.,Write notes in conversational tone; Copilot will structure. Practice with notes to refine timing.,Beginner,PowerPoint,presentation-delivery|speaker-guidance|preparation
MBT-SUM-001,Summarize Inbox,Themed Workflow,Universal,Chat,Copilot Chat Only,Mailbox Triage,"I've received [NUMBER] emails about [TOPIC/PERIOD]: [EMAIL_SUMMARIES]. Summarize the inbox: what's the overall message, key concerns, and action items? Do I need to respond to each?",Distills email volume into clear takeaways and actions.,Copilot works best with message subjects and key excerpts; full emails not needed. Flag urgent/escalated items.,Beginner,Mailbox Triage,inbox-management|prioritization|efficiency
MBT-CAT-001,Categorize by Theme,Themed Workflow,Universal,Chat,Copilot Chat Only,Mailbox Triage,I have [NUMBER] emails about [GENERAL_TOPIC]. Organize by theme: what clusters of emails are there? What's the priority of each cluster? Any cross-cutting issues?,Identifies themes and priorities across email volume.,"Group by sender, topic, or urgency; Copilot will suggest useful categorizations. Use for inbox priority.",Beginner,Mailbox Triage,categorization|organization|prioritization
MBT-URG-001,Identify Urgent,Themed Workflow,Universal,Chat,Copilot Chat Only,Mailbox Triage,"From this email batch [EMAIL_SUMMARIES], flag urgent/escalated items: what requires immediate response? What can wait? What should I escalate? What can I delegate?",Surfaces time-sensitive issues in email volume.,"Look for keywords (urgent, escalated, overdue) and sender seniority; Copilot will flag. Review urgent items first.",Beginner,Mailbox Triage,prioritization|urgency-detection|decision-making
MBT-RSP-001,Propose Responses,Themed Workflow,Universal,Chat,Copilot Chat Only,Mailbox Triage,"From this batch of emails [EMAILS], propose responses: what should I say to each sender? Keep responses short and actionable. What needs escalation vs. what I can handle?",Jumpstarts email responses to clear inbox efficiently.,Draft one response template per sender group; Copilot will suggest. Personalize before sending.,Beginner,Mailbox Triage,response-drafting|efficiency|communication
MBT-ORG-001,Auto-Organize,Themed Workflow,Universal,Chat,Copilot Chat Only,Mailbox Triage,This inbox has [NUMBER] emails across [TIMEFRAME]. Suggest filing/archiving strategy: what should stay in inbox? What should be archived? Create folder structure for [TOPIC_AREAS].,Designs email organization system for easier retrieval and review.,Identify actionable vs. reference emails; archive reference. Create logical folder structure for quick filing.,Intermediate,Mailbox Triage,inbox-organization|filing|information-management
MBT-DIG-001,Weekly Digest,Themed Workflow,Universal,Chat,Copilot Chat Only,Mailbox Triage,"Create a weekly email digest from my inbox [INBOX_SUMMARY]: what happened this week, what requires action, and what I should monitor. Format: brief, scannable, actionable.",Converts email volume into weekly briefing for communication partners.,Aggregate themes and actions; Copilot will synthesize. Send at consistent time (Friday or Monday morning).,Beginner,Mailbox Triage,digest|communication|prioritization
CS-FQA-001,HR FAQ Bot,Copilot Studio,Universal,Copilot Studio,Licensed M365 Copilot,Copilot Studio,"Design an HR FAQ bot in Copilot Studio that answers: policy questions, benefits info, leave requests, career development, and escalation to HR for complex issues. Knowledge base: [POLICIES].",Self-service HR support reducing tickets to HR team.,Build in knowledge base with HR policies and FAQs; Copilot Studio will handle routing. Include escalation for edge cases.,Intermediate,Copilot Studio,chatbot|self-service|automation
CS-PRO-001,Procurement Intake Agent,Copilot Studio,Universal,Copilot Studio,Licensed M365 Copilot,Copilot Studio,"Design a procurement intake agent that: gathers requirements (what are we sourcing?), vendor preferences, budget, timeline, and compliance needs. Routes to appropriate sourcing path. Escalates complex requests.",Streamlines procurement request intake and routing.,Build intake flow with conditional logic; Copilot Studio will handle multi-turn conversation. Connect to procurement system.,Intermediate,Copilot Studio,agent|intake|automation
CS-FAC-001,Facilities Request Agent,Copilot Studio,Universal,Copilot Studio,Licensed M365 Copilot,Copilot Studio,"Design a facilities request agent that: gathers request type (maintenance, space, amenities), location, urgency, and contact info. Categorizes and routes to facilities team. Provides status updates.",Automates facilities request intake and initial routing.,Build request categorization logic; Copilot Studio will handle routing. Track requests in connected system.,Beginner,Copilot Studio,agent|intake|customer-service
CS-MKT-001,Marketing Brief Generator,Copilot Studio,Universal,Copilot Studio,Licensed M365 Copilot,Copilot Studio,"Design an agent that helps teams generate marketing briefs. Gathers: campaign goal, audience, key message, timeline, and budget. Generates a brief template ready for review. Integrates with approval workflow.",Accelerates marketing brief creation with consistency.,Build multi-turn conversation flow; Copilot Studio will guide. Generate structured output (brief template).,Intermediate,Copilot Studio,agent|content-generation|workflow-automation
CS-MBX-001,Mailbox Triage Agent,Copilot Studio,Universal,Copilot Studio,Licensed M365 Copilot,Copilot Studio,"Design an agent that triages incoming emails: summarizes, categorizes by urgency/theme, identifies action items, and suggests responses. Works with email plugin. Reduces manual inbox work.",Automates email triage and prioritization.,Build categorization and summarization logic; Copilot Studio will integrate with email. Keep summaries concise.,Intermediate,Copilot Studio,agent|email|automation
CS-TST-001,Testing and Validation Pattern,Copilot Studio,Universal,Copilot Studio,Licensed M365 Copilot,Copilot Studio,"Design a testing approach for a Copilot Studio agent: test cases (happy path, edge cases, escalation), evaluation criteria, and iteration workflow. How to validate before launch?",Ensures agent quality before production.,Build test cases covering main and edge scenarios; Copilot Studio will help. Get feedback from pilot users.,Intermediate,Copilot Studio,testing|quality-assurance|validation
CS-GRD-001,Guardrail and Safety Pattern,Copilot Studio,Universal,Copilot Studio,Licensed M365 Copilot,Copilot Studio,"Design guardrails for [AGENT_TYPE]: what should the agent refuse (e.g., policy exceptions, confidential data)? How to detect out-of-scope requests? When to escalate to human?",Ensures agent operates safely and within policy.,Build intent classification and confidence checks; Copilot Studio will handle. Test guardrails thoroughly.,Advanced,Copilot Studio,safety|guardrails|policy-enforcement
CS-ESC-001,Escalation and Handoff Pattern,Copilot Studio,Universal,Copilot Studio,Licensed M365 Copilot,Copilot Studio,"Design escalation workflow for an agent: when should requests go to humans (complex, out-of-scope)? How to ensure smooth handoff? What context to pass? How to track escalations?",Ensures seamless human handoff when agent can't help.,Build escalation criteria and context passing; Copilot Studio will route. Track escalation quality for improvements.,Intermediate,Copilot Studio,escalation|customer-service|handoff
